date,market,commodity,modal_price_rs_per_quintal,arrivals_tonnes,distance_km,data_status
2026-04-01,Prayagraj Mandi,Tomato,1899.39,27.42,12,SYNTHETIC_DEMO
2026-04-02,Prayagraj Mandi,Tomato,1908.99,31.03,12,SYNTHETIC_DEMO
2026-04-03,Prayagraj Mandi,Tomato,1892.55,33.74,12,SYNTHETIC_DEMO
2026-04-04,Prayagraj Mandi,Tomato,1887.42,37.13,12,SYNTHETIC_DEMO
2026-04-05,Prayagraj Mandi,Tomato,1875.67,34.93,12,SYNTHETIC_DEMO
2026-04-06,Prayagraj Mandi,Tomato,1884.31,35.18,12,SYNTHETIC_DEMO
2026-04-07,Prayagraj Mandi,Tomato,1881.34,34.1,12,SYNTHETIC_DEMO
2026-04-08,Prayagraj Mandi,Tomato,1884.53,25.05,12,SYNTHETIC_DEMO
2026-04-09,Prayagraj Mandi,Tomato,1923.47,25.51,12,SYNTHETIC_DEMO
2026-04-10,Prayagraj Mandi,Tomato,1917.89,21.91,12,SYNTHETIC_DEMO
2026-04-11,Prayagraj Mandi,Tomato,1921.2,22.33,12,SYNTHETIC_DEMO
2026-04-12,Prayagraj Mandi,Tomato,1922.29,18.95,12,SYNTHETIC_DEMO
2026-04-13,Prayagraj Mandi,Tomato,1926.71,25.24,12,SYNTHETIC_DEMO
2026-04-14,Prayagraj Mandi,Tomato,1909.56,26.04,12,SYNTHETIC_DEMO
2026-04-15,Prayagraj Mandi,Tomato,1904.95,31.13,12,SYNTHETIC_DEMO
2026-04-16,Prayagraj Mandi,Tomato,1890.78,33.74,12,SYNTHETIC_DEMO
2026-04-17,Prayagraj Mandi,Tomato,1885.98,23.77,12,SYNTHETIC_DEMO
2026-04-18,Prayagraj Mandi,Tomato,1917.68,32.14,12,SYNTHETIC_DEMO
2026-04-19,Prayagraj Mandi,Tomato,1880.47,38.46,12,SYNTHETIC_DEMO
2026-04-20,Prayagraj Mandi,Tomato,1859.11,37.64,12,SYNTHETIC_DEMO
2026-04-21,Prayagraj Mandi,Tomato,1864.37,31.13,12,SYNTHETIC_DEMO
2026-04-22,Prayagraj Mandi,Tomato,1890.97,28.46,12,SYNTHETIC_DEMO
2026-04-23,Prayagraj Mandi,Tomato,1900.75,27.08,12,SYNTHETIC_DEMO
2026-04-24,Prayagraj Mandi,Tomato,1906.34,24.35,12,SYNTHETIC_DEMO
2026-04-25,Prayagraj Mandi,Tomato,1908.28,17.69,12,SYNTHETIC_DEMO
2026-04-26,Prayagraj Mandi,Tomato,1929.21,18.32,12,SYNTHETIC_DEMO
2026-04-27,Prayagraj Mandi,Tomato,1932.12,20.74,12,SYNTHETIC_DEMO
2026-04-28,Prayagraj Mandi,Tomato,1914.69,21.25,12,SYNTHETIC_DEMO
2026-04-29,Prayagraj Mandi,Tomato,1926.63,31.07,12,SYNTHETIC_DEMO
2026-04-30,Prayagraj Mandi,Tomato,1899.86,33.49,12,SYNTHETIC_DEMO
2026-05-01,Prayagraj Mandi,Tomato,1891.49,39.96,12,SYNTHETIC_DEMO
2026-05-02,Prayagraj Mandi,Tomato,1869.38,30.11,12,SYNTHETIC_DEMO
2026-05-03,Prayagraj Mandi,Tomato,1893.06,39.61,12,SYNTHETIC_DEMO
2026-05-04,Prayagraj Mandi,Tomato,1869.19,34.39,12,SYNTHETIC_DEMO
2026-05-05,Prayagraj Mandi,Tomato,1888.35,30.21,12,SYNTHETIC_DEMO
2026-05-06,Prayagraj Mandi,Tomato,1910.81,30.32,12,SYNTHETIC_DEMO
2026-05-07,Prayagraj Mandi,Tomato,1904.34,27.01,12,SYNTHETIC_DEMO
2026-05-08,Prayagraj Mandi,Tomato,1914.73,19.5,12,SYNTHETIC_DEMO
2026-05-09,Prayagraj Mandi,Tomato,1935.88,24.01,12,SYNTHETIC_DEMO
2026-05-10,Prayagraj Mandi,Tomato,1922.94,19.92,12,SYNTHETIC_DEMO
2026-05-11,Prayagraj Mandi,Tomato,1928.79,18.85,12,SYNTHETIC_DEMO
2026-05-12,Prayagraj Mandi,Tomato,1929.56,17.16,12,SYNTHETIC_DEMO
2026-05-13,Prayagraj Mandi,Tomato,1942.67,25.73,12,SYNTHETIC_DEMO
2026-05-14,Prayagraj Mandi,Tomato,1918.09,36.25,12,SYNTHETIC_DEMO
2026-05-15,Prayagraj Mandi,Tomato,1887.09,35.3,12,SYNTHETIC_DEMO
2026-05-16,Prayagraj Mandi,Tomato,1889.03,40.14,12,SYNTHETIC_DEMO
2026-05-17,Prayagraj Mandi,Tomato,1862.93,36.89,12,SYNTHETIC_DEMO
2026-05-18,Prayagraj Mandi,Tomato,1874.15,37.87,12,SYNTHETIC_DEMO
2026-05-19,Prayagraj Mandi,Tomato,1869.77,36.38,12,SYNTHETIC_DEMO
2026-05-20,Prayagraj Mandi,Tomato,1875.89,35.81,12,SYNTHETIC_DEMO
2026-05-21,Prayagraj Mandi,Tomato,1882.23,30.9,12,SYNTHETIC_DEMO
2026-05-22,Prayagraj Mandi,Tomato,1893.14,19.68,12,SYNTHETIC_DEMO
2026-05-23,Prayagraj Mandi,Tomato,1933.18,19.6,12,SYNTHETIC_DEMO
2026-05-24,Prayagraj Mandi,Tomato,1927.08,23.47,12,SYNTHETIC_DEMO
2026-05-25,Prayagraj Mandi,Tomato,1913.48,12.24,12,SYNTHETIC_DEMO
2026-05-26,Prayagraj Mandi,Tomato,1944.22,26.75,12,SYNTHETIC_DEMO
2026-05-27,Prayagraj Mandi,Tomato,1906.93,25.49,12,SYNTHETIC_DEMO
2026-05-28,Prayagraj Mandi,Tomato,1911.53,38.37,12,SYNTHETIC_DEMO
2026-05-29,Prayagraj Mandi,Tomato,1883.35,32.54,12,SYNTHETIC_DEMO
2026-05-30,Prayagraj Mandi,Tomato,1893.58,34.01,12,SYNTHETIC_DEMO
2026-05-31,Prayagraj Mandi,Tomato,1883.47,36.19,12,SYNTHETIC_DEMO
2026-06-01,Prayagraj Mandi,Tomato,1875.88,35.13,12,SYNTHETIC_DEMO
2026-06-02,Prayagraj Mandi,Tomato,1885.4,35.01,12,SYNTHETIC_DEMO
2026-06-03,Prayagraj Mandi,Tomato,1891.38,37.13,12,SYNTHETIC_DEMO
2026-06-04,Prayagraj Mandi,Tomato,1883.97,29.99,12,SYNTHETIC_DEMO
2026-06-05,Prayagraj Mandi,Tomato,1912.76,21.26,12,SYNTHETIC_DEMO
2026-06-06,Prayagraj Mandi,Tomato,1930.1,27.18,12,SYNTHETIC_DEMO
2026-06-07,Prayagraj Mandi,Tomato,1916.76,24.16,12,SYNTHETIC_DEMO
2026-06-08,Prayagraj Mandi,Tomato,1923.94,27.88,12,SYNTHETIC_DEMO
2026-06-09,Prayagraj Mandi,Tomato,1909.22,24.74,12,SYNTHETIC_DEMO
2026-06-10,Prayagraj Mandi,Tomato,1924.33,23.01,12,SYNTHETIC_DEMO
2026-06-11,Prayagraj Mandi,Tomato,1938.88,30.7,12,SYNTHETIC_DEMO
2026-06-12,Prayagraj Mandi,Tomato,1910.0,31.81,12,SYNTHETIC_DEMO
2026-06-13,Prayagraj Mandi,Tomato,1900.87,29.52,12,SYNTHETIC_DEMO
2026-06-14,Prayagraj Mandi,Tomato,1907.13,36.84,12,SYNTHETIC_DEMO
2026-06-15,Prayagraj Mandi,Tomato,1878.69,40.05,12,SYNTHETIC_DEMO
2026-06-16,Prayagraj Mandi,Tomato,1870.67,27.0,12,SYNTHETIC_DEMO
2026-06-17,Prayagraj Mandi,Tomato,1912.49,30.07,12,SYNTHETIC_DEMO
2026-06-18,Prayagraj Mandi,Tomato,1908.18,21.73,12,SYNTHETIC_DEMO
2026-06-19,Prayagraj Mandi,Tomato,1931.83,22.1,12,SYNTHETIC_DEMO
2026-06-20,Prayagraj Mandi,Tomato,1927.42,25.3,12,SYNTHETIC_DEMO
2026-06-21,Prayagraj Mandi,Tomato,1918.98,21.35,12,SYNTHETIC_DEMO
2026-06-22,Prayagraj Mandi,Tomato,1919.72,22.72,12,SYNTHETIC_DEMO
2026-06-23,Prayagraj Mandi,Tomato,1922.83,24.98,12,SYNTHETIC_DEMO
2026-06-24,Prayagraj Mandi,Tomato,1916.57,28.47,12,SYNTHETIC_DEMO
2026-06-25,Prayagraj Mandi,Tomato,1906.6,36.25,12,SYNTHETIC_DEMO
2026-06-26,Prayagraj Mandi,Tomato,1887.78,27.35,12,SYNTHETIC_DEMO
2026-06-27,Prayagraj Mandi,Tomato,1909.85,36.72,12,SYNTHETIC_DEMO
2026-06-28,Prayagraj Mandi,Tomato,1883.22,39.28,12,SYNTHETIC_DEMO
2026-06-29,Prayagraj Mandi,Tomato,1874.01,30.27,12,SYNTHETIC_DEMO
2026-06-30,Prayagraj Mandi,Tomato,1896.18,30.69,12,SYNTHETIC_DEMO
2026-07-01,Prayagraj Mandi,Tomato,1904.75,29.81,12,SYNTHETIC_DEMO
2026-07-02,Prayagraj Mandi,Tomato,1914.12,21.55,12,SYNTHETIC_DEMO
2026-07-03,Prayagraj Mandi,Tomato,1937.04,23.7,12,SYNTHETIC_DEMO
2026-07-04,Prayagraj Mandi,Tomato,1934.71,21.8,12,SYNTHETIC_DEMO
2026-07-05,Prayagraj Mandi,Tomato,1935.09,17.35,12,SYNTHETIC_DEMO
2026-07-06,Prayagraj Mandi,Tomato,1953.2,21.76,12,SYNTHETIC_DEMO
2026-07-07,Prayagraj Mandi,Tomato,1935.72,17.08,12,SYNTHETIC_DEMO
2026-07-08,Prayagraj Mandi,Tomato,1950.62,26.78,12,SYNTHETIC_DEMO
2026-07-09,Prayagraj Mandi,Tomato,1925.25,39.08,12,SYNTHETIC_DEMO
2026-07-10,Prayagraj Mandi,Tomato,1887.36,43.22,12,SYNTHETIC_DEMO
2026-07-11,Prayagraj Mandi,Tomato,1871.79,37.2,12,SYNTHETIC_DEMO
2026-07-12,Prayagraj Mandi,Tomato,1887.16,33.04,12,SYNTHETIC_DEMO
2026-07-13,Prayagraj Mandi,Tomato,1896.83,33.12,12,SYNTHETIC_DEMO
2026-07-14,Prayagraj Mandi,Tomato,1902.79,23.05,12,SYNTHETIC_DEMO
2026-07-15,Prayagraj Mandi,Tomato,1934.6,27.33,12,SYNTHETIC_DEMO
2026-07-16,Prayagraj Mandi,Tomato,1919.19,20.5,12,SYNTHETIC_DEMO
2026-07-17,Prayagraj Mandi,Tomato,1935.52,34.41,12,SYNTHETIC_DEMO
2026-07-18,Prayagraj Mandi,Tomato,1891.62,14.22,12,SYNTHETIC_DEMO
2026-07-19,Prayagraj Mandi,Tomato,1951.9,22.09,12,SYNTHETIC_DEMO
2026-07-20,Prayagraj Mandi,Tomato,1921.98,26.91,12,SYNTHETIC_DEMO
2026-07-21,Prayagraj Mandi,Tomato,1907.43,18.12,12,SYNTHETIC_DEMO
2026-07-22,Prayagraj Mandi,Tomato,1940.36,32.96,12,SYNTHETIC_DEMO
2026-07-23,Prayagraj Mandi,Tomato,1897.74,23.64,12,SYNTHETIC_DEMO
2026-07-24,Prayagraj Mandi,Tomato,1934.5,39.85,12,SYNTHETIC_DEMO
2026-07-25,Prayagraj Mandi,Tomato,1877.67,38.05,12,SYNTHETIC_DEMO
2026-07-26,Prayagraj Mandi,Tomato,1875.94,30.84,12,SYNTHETIC_DEMO
2026-07-27,Prayagraj Mandi,Tomato,1900.83,34.44,12,SYNTHETIC_DEMO
2026-07-28,Prayagraj Mandi,Tomato,1888.59,33.79,12,SYNTHETIC_DEMO
2026-07-29,Prayagraj Mandi,Tomato,1894.23,23.39,12,SYNTHETIC_DEMO
2026-07-30,Prayagraj Mandi,Tomato,1935.2,19.9,12,SYNTHETIC_DEMO
2026-07-31,Prayagraj Mandi,Tomato,1944.39,12.5,12,SYNTHETIC_DEMO
2026-08-01,Prayagraj Mandi,Tomato,1971.88,22.0,12,SYNTHETIC_DEMO
2026-08-02,Prayagraj Mandi,Tomato,1938.77,20.49,12,SYNTHETIC_DEMO
2026-08-03,Prayagraj Mandi,Tomato,1935.74,20.15,12,SYNTHETIC_DEMO
2026-08-04,Prayagraj Mandi,Tomato,1946.39,21.83,12,SYNTHETIC_DEMO
2026-08-05,Prayagraj Mandi,Tomato,1941.83,31.98,12,SYNTHETIC_DEMO
2026-08-06,Prayagraj Mandi,Tomato,1913.44,44.79,12,SYNTHETIC_DEMO
2026-08-07,Prayagraj Mandi,Tomato,1877.2,36.74,12,SYNTHETIC_DEMO
2026-08-08,Prayagraj Mandi,Tomato,1905.84,34.91,12,SYNTHETIC_DEMO
2026-08-09,Prayagraj Mandi,Tomato,1894.08,41.83,12,SYNTHETIC_DEMO
2026-08-10,Prayagraj Mandi,Tomato,1876.74,32.66,12,SYNTHETIC_DEMO
2026-08-11,Prayagraj Mandi,Tomato,1898.18,34.6,12,SYNTHETIC_DEMO
2026-08-12,Prayagraj Mandi,Tomato,1893.05,18.98,12,SYNTHETIC_DEMO
2026-08-13,Prayagraj Mandi,Tomato,1948.78,24.24,12,SYNTHETIC_DEMO
2026-08-14,Prayagraj Mandi,Tomato,1930.52,23.13,12,SYNTHETIC_DEMO
2026-08-15,Prayagraj Mandi,Tomato,1926.02,15.3,12,SYNTHETIC_DEMO
2026-08-16,Prayagraj Mandi,Tomato,1953.02,21.52,12,SYNTHETIC_DEMO
2026-08-17,Prayagraj Mandi,Tomato,1932.53,25.72,12,SYNTHETIC_DEMO
2026-08-18,Prayagraj Mandi,Tomato,1922.03,23.77,12,SYNTHETIC_DEMO
2026-08-19,Prayagraj Mandi,Tomato,1923.81,27.45,12,SYNTHETIC_DEMO
2026-08-20,Prayagraj Mandi,Tomato,1916.22,29.39,12,SYNTHETIC_DEMO
2026-08-21,Prayagraj Mandi,Tomato,1913.75,25.59,12,SYNTHETIC_DEMO
2026-08-22,Prayagraj Mandi,Tomato,1921.03,36.8,12,SYNTHETIC_DEMO
2026-08-23,Prayagraj Mandi,Tomato,1886.44,32.94,12,SYNTHETIC_DEMO
2026-08-24,Prayagraj Mandi,Tomato,1895.01,41.12,12,SYNTHETIC_DEMO
2026-08-25,Prayagraj Mandi,Tomato,1869.94,29.44,12,SYNTHETIC_DEMO
2026-08-26,Prayagraj Mandi,Tomato,1907.13,27.72,12,SYNTHETIC_DEMO
2026-08-27,Prayagraj Mandi,Tomato,1921.58,24.03,12,SYNTHETIC_DEMO
2026-08-28,Prayagraj Mandi,Tomato,1937.83,29.12,12,SYNTHETIC_DEMO
2026-08-29,Prayagraj Mandi,Tomato,1915.6,24.34,12,SYNTHETIC_DEMO
2026-08-30,Prayagraj Mandi,Tomato,1925.81,22.88,12,SYNTHETIC_DEMO
2026-08-31,Prayagraj Mandi,Tomato,1934.44,22.99,12,SYNTHETIC_DEMO
2026-09-01,Prayagraj Mandi,Tomato,1941.63,21.46,12,SYNTHETIC_DEMO
2026-09-02,Prayagraj Mandi,Tomato,1937.07,30.27,12,SYNTHETIC_DEMO
2026-09-03,Prayagraj Mandi,Tomato,1920.2,33.68,12,SYNTHETIC_DEMO
2026-09-04,Prayagraj Mandi,Tomato,1914.49,34.26,12,SYNTHETIC_DEMO
2026-09-05,Prayagraj Mandi,Tomato,1901.92,37.36,12,SYNTHETIC_DEMO
2026-09-06,Prayagraj Mandi,Tomato,1898.68,31.17,12,SYNTHETIC_DEMO
2026-09-07,Prayagraj Mandi,Tomato,1918.66,39.46,12,SYNTHETIC_DEMO
2026-09-08,Prayagraj Mandi,Tomato,1880.47,38.68,12,SYNTHETIC_DEMO
2026-09-09,Prayagraj Mandi,Tomato,1886.27,31.08,12,SYNTHETIC_DEMO
2026-09-10,Prayagraj Mandi,Tomato,1919.46,30.98,12,SYNTHETIC_DEMO
2026-09-11,Prayagraj Mandi,Tomato,1925.91,17.18,12,SYNTHETIC_DEMO
2026-09-12,Prayagraj Mandi,Tomato,1950.26,22.78,12,SYNTHETIC_DEMO
2026-09-13,Prayagraj Mandi,Tomato,1932.6,21.37,12,SYNTHETIC_DEMO
2026-09-14,Prayagraj Mandi,Tomato,1934.31,22.19,12,SYNTHETIC_DEMO
2026-09-15,Prayagraj Mandi,Tomato,1928.4,30.02,12,SYNTHETIC_DEMO
2026-09-16,Prayagraj Mandi,Tomato,1918.9,29.27,12,SYNTHETIC_DEMO
2026-09-17,Prayagraj Mandi,Tomato,1918.33,28.16,12,SYNTHETIC_DEMO
2026-09-18,Prayagraj Mandi,Tomato,1918.83,35.06,12,SYNTHETIC_DEMO
2026-09-19,Prayagraj Mandi,Tomato,1898.11,38.39,12,SYNTHETIC_DEMO
2026-09-20,Prayagraj Mandi,Tomato,1889.93,32.02,12,SYNTHETIC_DEMO
2026-09-21,Prayagraj Mandi,Tomato,1899.99,37.42,12,SYNTHETIC_DEMO
2026-09-22,Prayagraj Mandi,Tomato,1882.87,28.92,12,SYNTHETIC_DEMO
2026-09-23,Prayagraj Mandi,Tomato,1914.71,32.92,12,SYNTHETIC_DEMO
2026-09-24,Prayagraj Mandi,Tomato,1906.91,26.37,12,SYNTHETIC_DEMO
2026-09-25,Prayagraj Mandi,Tomato,1928.65,24.21,12,SYNTHETIC_DEMO
2026-09-26,Prayagraj Mandi,Tomato,1933.58,23.26,12,SYNTHETIC_DEMO
2026-09-27,Prayagraj Mandi,Tomato,1936.75,23.52,12,SYNTHETIC_DEMO
2026-04-01,Phaphamau Mandi,Tomato,1907.24,34.27,20,SYNTHETIC_DEMO
2026-04-02,Phaphamau Mandi,Tomato,1893.02,32.18,20,SYNTHETIC_DEMO
2026-04-03,Phaphamau Mandi,Tomato,1908.75,31.64,20,SYNTHETIC_DEMO
2026-04-04,Phaphamau Mandi,Tomato,1911.74,33.53,20,SYNTHETIC_DEMO
2026-04-05,Phaphamau Mandi,Tomato,1894.35,39.83,20,SYNTHETIC_DEMO
2026-04-06,Phaphamau Mandi,Tomato,1872.07,20.99,20,SYNTHETIC_DEMO
2026-04-07,Phaphamau Mandi,Tomato,1924.5,23.51,20,SYNTHETIC_DEMO
2026-04-08,Phaphamau Mandi,Tomato,1930.36,20.27,20,SYNTHETIC_DEMO
2026-04-09,Phaphamau Mandi,Tomato,1936.72,18.22,20,SYNTHETIC_DEMO
2026-04-10,Phaphamau Mandi,Tomato,1956.01,17.39,20,SYNTHETIC_DEMO
2026-04-11,Phaphamau Mandi,Tomato,1940.09,21.65,20,SYNTHETIC_DEMO
2026-04-12,Phaphamau Mandi,Tomato,1932.49,23.79,20,SYNTHETIC_DEMO
2026-04-13,Phaphamau Mandi,Tomato,1921.06,26.08,20,SYNTHETIC_DEMO
2026-04-14,Phaphamau Mandi,Tomato,1916.59,35.1,20,SYNTHETIC_DEMO
2026-04-15,Phaphamau Mandi,Tomato,1885.25,40.33,20,SYNTHETIC_DEMO
2026-04-16,Phaphamau Mandi,Tomato,1870.15,40.47,20,SYNTHETIC_DEMO
2026-04-17,Phaphamau Mandi,Tomato,1879.56,33.99,20,SYNTHETIC_DEMO
2026-04-18,Phaphamau Mandi,Tomato,1888.55,37.0,20,SYNTHETIC_DEMO
2026-04-19,Phaphamau Mandi,Tomato,1878.4,25.95,20,SYNTHETIC_DEMO
2026-04-20,Phaphamau Mandi,Tomato,1901.7,24.66,20,SYNTHETIC_DEMO
2026-04-21,Phaphamau Mandi,Tomato,1913.95,21.22,20,SYNTHETIC_DEMO
2026-04-22,Phaphamau Mandi,Tomato,1928.98,12.78,20,SYNTHETIC_DEMO
2026-04-23,Phaphamau Mandi,Tomato,1952.42,20.76,20,SYNTHETIC_DEMO
2026-04-24,Phaphamau Mandi,Tomato,1935.44,24.57,20,SYNTHETIC_DEMO
2026-04-25,Phaphamau Mandi,Tomato,1914.62,19.86,20,SYNTHETIC_DEMO
2026-04-26,Phaphamau Mandi,Tomato,1921.41,28.06,20,SYNTHETIC_DEMO
2026-04-27,Phaphamau Mandi,Tomato,1901.42,27.49,20,SYNTHETIC_DEMO
2026-04-28,Phaphamau Mandi,Tomato,1910.97,32.47,20,SYNTHETIC_DEMO
2026-04-29,Phaphamau Mandi,Tomato,1906.25,34.88,20,SYNTHETIC_DEMO
2026-04-30,Phaphamau Mandi,Tomato,1895.16,36.85,20,SYNTHETIC_DEMO
2026-05-01,Phaphamau Mandi,Tomato,1895.85,30.73,20,SYNTHETIC_DEMO
2026-05-02,Phaphamau Mandi,Tomato,1916.07,35.82,20,SYNTHETIC_DEMO
2026-05-03,Phaphamau Mandi,Tomato,1890.15,27.73,20,SYNTHETIC_DEMO
2026-05-04,Phaphamau Mandi,Tomato,1913.1,26.95,20,SYNTHETIC_DEMO
2026-05-05,Phaphamau Mandi,Tomato,1908.96,23.85,20,SYNTHETIC_DEMO
2026-05-06,Phaphamau Mandi,Tomato,1935.42,24.57,20,SYNTHETIC_DEMO
2026-05-07,Phaphamau Mandi,Tomato,1944.94,24.58,20,SYNTHETIC_DEMO
2026-05-08,Phaphamau Mandi,Tomato,1931.84,19.15,20,SYNTHETIC_DEMO
2026-05-09,Phaphamau Mandi,Tomato,1955.36,22.33,20,SYNTHETIC_DEMO
2026-05-10,Phaphamau Mandi,Tomato,1933.46,18.36,20,SYNTHETIC_DEMO
2026-05-11,Phaphamau Mandi,Tomato,1926.3,22.93,20,SYNTHETIC_DEMO
2026-05-12,Phaphamau Mandi,Tomato,1920.23,24.11,20,SYNTHETIC_DEMO
2026-05-13,Phaphamau Mandi,Tomato,1922.39,39.01,20,SYNTHETIC_DEMO
2026-05-14,Phaphamau Mandi,Tomato,1877.91,35.03,20,SYNTHETIC_DEMO
2026-05-15,Phaphamau Mandi,Tomato,1888.89,38.02,20,SYNTHETIC_DEMO
2026-05-16,Phaphamau Mandi,Tomato,1876.36,38.98,20,SYNTHETIC_DEMO
2026-05-17,Phaphamau Mandi,Tomato,1875.07,27.66,20,SYNTHETIC_DEMO
2026-05-18,Phaphamau Mandi,Tomato,1914.11,27.28,20,SYNTHETIC_DEMO
2026-05-19,Phaphamau Mandi,Tomato,1902.25,24.29,20,SYNTHETIC_DEMO
2026-05-20,Phaphamau Mandi,Tomato,1918.33,19.03,20,SYNTHETIC_DEMO
2026-05-21,Phaphamau Mandi,Tomato,1942.21,22.96,20,SYNTHETIC_DEMO
2026-05-22,Phaphamau Mandi,Tomato,1933.02,19.95,20,SYNTHETIC_DEMO
2026-05-23,Phaphamau Mandi,Tomato,1933.75,20.17,20,SYNTHETIC_DEMO
2026-05-24,Phaphamau Mandi,Tomato,1939.2,26.01,20,SYNTHETIC_DEMO
2026-05-25,Phaphamau Mandi,Tomato,1910.8,28.42,20,SYNTHETIC_DEMO
2026-05-26,Phaphamau Mandi,Tomato,1912.27,28.01,20,SYNTHETIC_DEMO
2026-05-27,Phaphamau Mandi,Tomato,1916.65,32.38,20,SYNTHETIC_DEMO
2026-05-28,Phaphamau Mandi,Tomato,1911.49,28.33,20,SYNTHETIC_DEMO
2026-05-29,Phaphamau Mandi,Tomato,1914.62,30.25,20,SYNTHETIC_DEMO
2026-05-30,Phaphamau Mandi,Tomato,1903.82,37.95,20,SYNTHETIC_DEMO
2026-05-31,Phaphamau Mandi,Tomato,1885.93,30.4,20,SYNTHETIC_DEMO
2026-06-01,Phaphamau Mandi,Tomato,1915.21,23.19,20,SYNTHETIC_DEMO
2026-06-02,Phaphamau Mandi,Tomato,1921.49,29.81,20,SYNTHETIC_DEMO
2026-06-03,Phaphamau Mandi,Tomato,1921.51,15.47,20,SYNTHETIC_DEMO
2026-06-04,Phaphamau Mandi,Tomato,1961.31,14.85,20,SYNTHETIC_DEMO
2026-06-05,Phaphamau Mandi,Tomato,1969.1,20.94,20,SYNTHETIC_DEMO
2026-06-06,Phaphamau Mandi,Tomato,1944.36,21.39,20,SYNTHETIC_DEMO
2026-06-07,Phaphamau Mandi,Tomato,1945.66,22.18,20,SYNTHETIC_DEMO
2026-06-08,Phaphamau Mandi,Tomato,1936.21,26.84,20,SYNTHETIC_DEMO
2026-06-09,Phaphamau Mandi,Tomato,1922.28,30.14,20,SYNTHETIC_DEMO
2026-06-10,Phaphamau Mandi,Tomato,1913.98,34.06,20,SYNTHETIC_DEMO
2026-06-11,Phaphamau Mandi,Tomato,1909.44,31.89,20,SYNTHETIC_DEMO
2026-06-12,Phaphamau Mandi,Tomato,1911.63,41.23,20,SYNTHETIC_DEMO
2026-06-13,Phaphamau Mandi,Tomato,1882.63,36.64,20,SYNTHETIC_DEMO
2026-06-14,Phaphamau Mandi,Tomato,1888.73,34.43,20,SYNTHETIC_DEMO
2026-06-15,Phaphamau Mandi,Tomato,1896.09,28.03,20,SYNTHETIC_DEMO
2026-06-16,Phaphamau Mandi,Tomato,1906.32,24.09,20,SYNTHETIC_DEMO
2026-06-17,Phaphamau Mandi,Tomato,1916.31,21.36,20,SYNTHETIC_DEMO
2026-06-18,Phaphamau Mandi,Tomato,1939.55,20.04,20,SYNTHETIC_DEMO
2026-06-19,Phaphamau Mandi,Tomato,1941.53,25.37,20,SYNTHETIC_DEMO
2026-06-20,Phaphamau Mandi,Tomato,1921.46,26.0,20,SYNTHETIC_DEMO
2026-06-21,Phaphamau Mandi,Tomato,1908.3,21.19,20,SYNTHETIC_DEMO
2026-06-22,Phaphamau Mandi,Tomato,1922.01,24.94,20,SYNTHETIC_DEMO
2026-06-23,Phaphamau Mandi,Tomato,1919.77,34.72,20,SYNTHETIC_DEMO
2026-06-24,Phaphamau Mandi,Tomato,1896.72,37.01,20,SYNTHETIC_DEMO
2026-06-25,Phaphamau Mandi,Tomato,1899.18,40.12,20,SYNTHETIC_DEMO
2026-06-26,Phaphamau Mandi,Tomato,1883.38,33.0,20,SYNTHETIC_DEMO
2026-06-27,Phaphamau Mandi,Tomato,1895.36,31.58,20,SYNTHETIC_DEMO
2026-06-28,Phaphamau Mandi,Tomato,1912.62,33.42,20,SYNTHETIC_DEMO
2026-06-29,Phaphamau Mandi,Tomato,1897.69,27.16,20,SYNTHETIC_DEMO
2026-06-30,Phaphamau Mandi,Tomato,1909.43,28.17,20,SYNTHETIC_DEMO
2026-07-01,Phaphamau Mandi,Tomato,1925.02,21.98,20,SYNTHETIC_DEMO
2026-07-02,Phaphamau Mandi,Tomato,1954.24,17.78,20,SYNTHETIC_DEMO
2026-07-03,Phaphamau Mandi,Tomato,1958.18,24.31,20,SYNTHETIC_DEMO
2026-07-04,Phaphamau Mandi,Tomato,1935.17,21.94,20,SYNTHETIC_DEMO
2026-07-05,Phaphamau Mandi,Tomato,1933.77,23.24,20,SYNTHETIC_DEMO
2026-07-06,Phaphamau Mandi,Tomato,1941.33,34.34,20,SYNTHETIC_DEMO
2026-07-07,Phaphamau Mandi,Tomato,1898.12,35.38,20,SYNTHETIC_DEMO
2026-07-08,Phaphamau Mandi,Tomato,1915.35,43.06,20,SYNTHETIC_DEMO
2026-07-09,Phaphamau Mandi,Tomato,1878.68,36.69,20,SYNTHETIC_DEMO
2026-07-10,Phaphamau Mandi,Tomato,1903.99,32.11,20,SYNTHETIC_DEMO
2026-07-11,Phaphamau Mandi,Tomato,1911.1,30.06,20,SYNTHETIC_DEMO
2026-07-12,Phaphamau Mandi,Tomato,1904.43,35.07,20,SYNTHETIC_DEMO
2026-07-13,Phaphamau Mandi,Tomato,1903.86,35.21,20,SYNTHETIC_DEMO
2026-07-14,Phaphamau Mandi,Tomato,1888.01,18.86,20,SYNTHETIC_DEMO
2026-07-15,Phaphamau Mandi,Tomato,1942.09,20.13,20,SYNTHETIC_DEMO
2026-07-16,Phaphamau Mandi,Tomato,1931.8,19.0,20,SYNTHETIC_DEMO
2026-07-17,Phaphamau Mandi,Tomato,1958.35,19.51,20,SYNTHETIC_DEMO
2026-07-18,Phaphamau Mandi,Tomato,1941.7,17.82,20,SYNTHETIC_DEMO
2026-07-19,Phaphamau Mandi,Tomato,1947.81,19.33,20,SYNTHETIC_DEMO
2026-07-20,Phaphamau Mandi,Tomato,1949.0,27.92,20,SYNTHETIC_DEMO
2026-07-21,Phaphamau Mandi,Tomato,1912.69,33.02,20,SYNTHETIC_DEMO
2026-07-22,Phaphamau Mandi,Tomato,1900.97,36.93,20,SYNTHETIC_DEMO
2026-07-23,Phaphamau Mandi,Tomato,1897.23,30.58,20,SYNTHETIC_DEMO
2026-07-24,Phaphamau Mandi,Tomato,1916.11,34.88,20,SYNTHETIC_DEMO
2026-07-25,Phaphamau Mandi,Tomato,1897.31,35.21,20,SYNTHETIC_DEMO
2026-07-26,Phaphamau Mandi,Tomato,1906.12,32.4,20,SYNTHETIC_DEMO
2026-07-27,Phaphamau Mandi,Tomato,1914.37,22.75,20,SYNTHETIC_DEMO
2026-07-28,Phaphamau Mandi,Tomato,1932.79,22.84,20,SYNTHETIC_DEMO
2026-07-29,Phaphamau Mandi,Tomato,1942.71,30.98,20,SYNTHETIC_DEMO
2026-07-30,Phaphamau Mandi,Tomato,1925.98,25.54,20,SYNTHETIC_DEMO
2026-07-31,Phaphamau Mandi,Tomato,1939.25,13.7,20,SYNTHETIC_DEMO
2026-08-01,Phaphamau Mandi,Tomato,1964.42,20.19,20,SYNTHETIC_DEMO
2026-08-02,Phaphamau Mandi,Tomato,1949.89,18.2,20,SYNTHETIC_DEMO
2026-08-03,Phaphamau Mandi,Tomato,1956.53,31.18,20,SYNTHETIC_DEMO
2026-08-04,Phaphamau Mandi,Tomato,1913.28,30.97,20,SYNTHETIC_DEMO
2026-08-05,Phaphamau Mandi,Tomato,1919.15,30.78,20,SYNTHETIC_DEMO
2026-08-06,Phaphamau Mandi,Tomato,1924.32,31.81,20,SYNTHETIC_DEMO
2026-08-07,Phaphamau Mandi,Tomato,1916.7,35.49,20,SYNTHETIC_DEMO
2026-08-08,Phaphamau Mandi,Tomato,1902.56,32.78,20,SYNTHETIC_DEMO
2026-08-09,Phaphamau Mandi,Tomato,1913.15,30.7,20,SYNTHETIC_DEMO
2026-08-10,Phaphamau Mandi,Tomato,1916.86,27.89,20,SYNTHETIC_DEMO
2026-08-11,Phaphamau Mandi,Tomato,1921.58,17.2,20,SYNTHETIC_DEMO
2026-08-12,Phaphamau Mandi,Tomato,1962.1,22.38,20,SYNTHETIC_DEMO
2026-08-13,Phaphamau Mandi,Tomato,1945.77,13.67,20,SYNTHETIC_DEMO
2026-08-14,Phaphamau Mandi,Tomato,1968.82,25.25,20,SYNTHETIC_DEMO
2026-08-15,Phaphamau Mandi,Tomato,1933.49,21.91,20,SYNTHETIC_DEMO
2026-08-16,Phaphamau Mandi,Tomato,1940.36,26.27,20,SYNTHETIC_DEMO
2026-08-17,Phaphamau Mandi,Tomato,1922.51,29.11,20,SYNTHETIC_DEMO
2026-08-18,Phaphamau Mandi,Tomato,1913.92,29.06,20,SYNTHETIC_DEMO
2026-08-19,Phaphamau Mandi,Tomato,1917.73,39.74,20,SYNTHETIC_DEMO
2026-08-20,Phaphamau Mandi,Tomato,1887.19,35.27,20,SYNTHETIC_DEMO
2026-08-21,Phaphamau Mandi,Tomato,1898.77,38.73,20,SYNTHETIC_DEMO
2026-08-22,Phaphamau Mandi,Tomato,1885.39,37.35,20,SYNTHETIC_DEMO
2026-08-23,Phaphamau Mandi,Tomato,1892.96,26.48,20,SYNTHETIC_DEMO
2026-08-24,Phaphamau Mandi,Tomato,1925.7,27.7,20,SYNTHETIC_DEMO
2026-08-25,Phaphamau Mandi,Tomato,1921.26,28.06,20,SYNTHETIC_DEMO
2026-08-26,Phaphamau Mandi,Tomato,1922.55,23.04,20,SYNTHETIC_DEMO
2026-08-27,Phaphamau Mandi,Tomato,1950.23,25.1,20,SYNTHETIC_DEMO
2026-08-28,Phaphamau Mandi,Tomato,1942.57,22.57,20,SYNTHETIC_DEMO
2026-08-29,Phaphamau Mandi,Tomato,1945.29,19.15,20,SYNTHETIC_DEMO
2026-08-30,Phaphamau Mandi,Tomato,1954.59,27.29,20,SYNTHETIC_DEMO
2026-08-31,Phaphamau Mandi,Tomato,1922.3,29.31,20,SYNTHETIC_DEMO
2026-09-01,Phaphamau Mandi,Tomato,1922.59,32.91,20,SYNTHETIC_DEMO
2026-09-02,Phaphamau Mandi,Tomato,1919.12,30.4,20,SYNTHETIC_DEMO
2026-09-03,Phaphamau Mandi,Tomato,1934.48,28.51,20,SYNTHETIC_DEMO
2026-09-04,Phaphamau Mandi,Tomato,1935.76,38.98,20,SYNTHETIC_DEMO
2026-09-05,Phaphamau Mandi,Tomato,1896.01,29.74,20,SYNTHETIC_DEMO
2026-09-06,Phaphamau Mandi,Tomato,1911.45,30.11,20,SYNTHETIC_DEMO
2026-09-07,Phaphamau Mandi,Tomato,1925.28,27.9,20,SYNTHETIC_DEMO
2026-09-08,Phaphamau Mandi,Tomato,1926.71,22.56,20,SYNTHETIC_DEMO
2026-09-09,Phaphamau Mandi,Tomato,1950.33,22.0,20,SYNTHETIC_DEMO
2026-09-10,Phaphamau Mandi,Tomato,1952.06,24.44,20,SYNTHETIC_DEMO
2026-09-11,Phaphamau Mandi,Tomato,1940.78,17.66,20,SYNTHETIC_DEMO
2026-09-12,Phaphamau Mandi,Tomato,1967.99,23.02,20,SYNTHETIC_DEMO
2026-09-13,Phaphamau Mandi,Tomato,1932.9,24.0,20,SYNTHETIC_DEMO
2026-09-14,Phaphamau Mandi,Tomato,1921.98,25.34,20,SYNTHETIC_DEMO
2026-09-15,Phaphamau Mandi,Tomato,1923.3,33.51,20,SYNTHETIC_DEMO
2026-09-16,Phaphamau Mandi,Tomato,1898.8,29.8,20,SYNTHETIC_DEMO
2026-09-17,Phaphamau Mandi,Tomato,1926.54,31.47,20,SYNTHETIC_DEMO
2026-09-18,Phaphamau Mandi,Tomato,1908.46,30.33,20,SYNTHETIC_DEMO
2026-09-19,Phaphamau Mandi,Tomato,1916.63,34.43,20,SYNTHETIC_DEMO
2026-09-20,Phaphamau Mandi,Tomato,1907.0,32.44,20,SYNTHETIC_DEMO
2026-09-21,Phaphamau Mandi,Tomato,1901.02,27.15,20,SYNTHETIC_DEMO
2026-09-22,Phaphamau Mandi,Tomato,1929.61,23.32,20,SYNTHETIC_DEMO
2026-09-23,Phaphamau Mandi,Tomato,1935.35,18.94,20,SYNTHETIC_DEMO
2026-09-24,Phaphamau Mandi,Tomato,1958.14,24.47,20,SYNTHETIC_DEMO
2026-09-25,Phaphamau Mandi,Tomato,1944.88,18.79,20,SYNTHETIC_DEMO
2026-09-26,Phaphamau Mandi,Tomato,1961.33,26.41,20,SYNTHETIC_DEMO
2026-09-27,Phaphamau Mandi,Tomato,1938.3,23.95,20,SYNTHETIC_DEMO
2026-04-01,Kaushambi Mandi,Tomato,1932.58,43.86,32,SYNTHETIC_DEMO
2026-04-02,Kaushambi Mandi,Tomato,1868.77,35.8,32,SYNTHETIC_DEMO
2026-04-03,Kaushambi Mandi,Tomato,1891.36,44.94,32,SYNTHETIC_DEMO
2026-04-04,Kaushambi Mandi,Tomato,1864.13,24.89,32,SYNTHETIC_DEMO
2026-04-05,Kaushambi Mandi,Tomato,1929.41,29.64,32,SYNTHETIC_DEMO
2026-04-06,Kaushambi Mandi,Tomato,1913.44,15.15,32,SYNTHETIC_DEMO
2026-04-07,Kaushambi Mandi,Tomato,1954.88,22.19,32,SYNTHETIC_DEMO
2026-04-08,Kaushambi Mandi,Tomato,1933.88,15.84,32,SYNTHETIC_DEMO
2026-04-09,Kaushambi Mandi,Tomato,1959.65,21.14,32,SYNTHETIC_DEMO
2026-04-10,Kaushambi Mandi,Tomato,1946.72,23.99,32,SYNTHETIC_DEMO
2026-04-11,Kaushambi Mandi,Tomato,1914.93,25.83,32,SYNTHETIC_DEMO
2026-04-12,Kaushambi Mandi,Tomato,1928.27,29.91,32,SYNTHETIC_DEMO
2026-04-13,Kaushambi Mandi,Tomato,1922.2,32.85,32,SYNTHETIC_DEMO
2026-04-14,Kaushambi Mandi,Tomato,1889.07,37.96,32,SYNTHETIC_DEMO
2026-04-15,Kaushambi Mandi,Tomato,1887.4,31.94,32,SYNTHETIC_DEMO
2026-04-16,Kaushambi Mandi,Tomato,1922.8,28.4,32,SYNTHETIC_DEMO
2026-04-17,Kaushambi Mandi,Tomato,1918.9,25.97,32,SYNTHETIC_DEMO
2026-04-18,Kaushambi Mandi,Tomato,1916.37,32.21,32,SYNTHETIC_DEMO
2026-04-19,Kaushambi Mandi,Tomato,1893.27,19.15,32,SYNTHETIC_DEMO
2026-04-20,Kaushambi Mandi,Tomato,1941.1,22.31,32,SYNTHETIC_DEMO
2026-04-21,Kaushambi Mandi,Tomato,1917.96,20.23,32,SYNTHETIC_DEMO
2026-04-22,Kaushambi Mandi,Tomato,1934.27,20.89,32,SYNTHETIC_DEMO
2026-04-23,Kaushambi Mandi,Tomato,1935.01,14.16,32,SYNTHETIC_DEMO
2026-04-24,Kaushambi Mandi,Tomato,1964.5,20.34,32,SYNTHETIC_DEMO
2026-04-25,Kaushambi Mandi,Tomato,1952.97,37.4,32,SYNTHETIC_DEMO
2026-04-26,Kaushambi Mandi,Tomato,1882.38,30.57,32,SYNTHETIC_DEMO
2026-04-27,Kaushambi Mandi,Tomato,1915.33,37.89,32,SYNTHETIC_DEMO
2026-04-28,Kaushambi Mandi,Tomato,1888.45,34.32,32,SYNTHETIC_DEMO
2026-04-29,Kaushambi Mandi,Tomato,1904.43,44.1,32,SYNTHETIC_DEMO
2026-04-30,Kaushambi Mandi,Tomato,1879.77,31.17,32,SYNTHETIC_DEMO
2026-05-01,Kaushambi Mandi,Tomato,1909.41,32.25,32,SYNTHETIC_DEMO
2026-05-02,Kaushambi Mandi,Tomato,1902.0,25.38,32,SYNTHETIC_DEMO
2026-05-03,Kaushambi Mandi,Tomato,1942.63,22.02,32,SYNTHETIC_DEMO
2026-05-04,Kaushambi Mandi,Tomato,1937.84,23.83,32,SYNTHETIC_DEMO
2026-05-05,Kaushambi Mandi,Tomato,1933.58,16.27,32,SYNTHETIC_DEMO
2026-05-06,Kaushambi Mandi,Tomato,1957.96,24.93,32,SYNTHETIC_DEMO
2026-05-07,Kaushambi Mandi,Tomato,1927.33,28.69,32,SYNTHETIC_DEMO
2026-05-08,Kaushambi Mandi,Tomato,1937.31,24.91,32,SYNTHETIC_DEMO
2026-05-09,Kaushambi Mandi,Tomato,1939.92,21.6,32,SYNTHETIC_DEMO
2026-05-10,Kaushambi Mandi,Tomato,1936.09,25.46,32,SYNTHETIC_DEMO
2026-05-11,Kaushambi Mandi,Tomato,1930.08,34.45,32,SYNTHETIC_DEMO
2026-05-12,Kaushambi Mandi,Tomato,1884.39,23.38,32,SYNTHETIC_DEMO
2026-05-13,Kaushambi Mandi,Tomato,1935.14,33.01,32,SYNTHETIC_DEMO
2026-05-14,Kaushambi Mandi,Tomato,1905.37,29.54,32,SYNTHETIC_DEMO
2026-05-15,Kaushambi Mandi,Tomato,1912.24,25.19,32,SYNTHETIC_DEMO
2026-05-16,Kaushambi Mandi,Tomato,1925.8,22.99,32,SYNTHETIC_DEMO
2026-05-17,Kaushambi Mandi,Tomato,1937.71,25.46,32,SYNTHETIC_DEMO
2026-05-18,Kaushambi Mandi,Tomato,1916.72,18.24,32,SYNTHETIC_DEMO
2026-05-19,Kaushambi Mandi,Tomato,1941.5,20.19,32,SYNTHETIC_DEMO
2026-05-20,Kaushambi Mandi,Tomato,1930.32,20.52,32,SYNTHETIC_DEMO
2026-05-21,Kaushambi Mandi,Tomato,1936.68,24.38,32,SYNTHETIC_DEMO
2026-05-22,Kaushambi Mandi,Tomato,1919.38,22.24,32,SYNTHETIC_DEMO
2026-05-23,Kaushambi Mandi,Tomato,1933.87,34.27,32,SYNTHETIC_DEMO
2026-05-24,Kaushambi Mandi,Tomato,1898.75,37.46,32,SYNTHETIC_DEMO
2026-05-25,Kaushambi Mandi,Tomato,1879.93,28.32,32,SYNTHETIC_DEMO
2026-05-26,Kaushambi Mandi,Tomato,1913.87,39.03,32,SYNTHETIC_DEMO
2026-05-27,Kaushambi Mandi,Tomato,1891.27,30.91,32,SYNTHETIC_DEMO
2026-05-28,Kaushambi Mandi,Tomato,1912.58,32.4,32,SYNTHETIC_DEMO
2026-05-29,Kaushambi Mandi,Tomato,1911.83,28.63,32,SYNTHETIC_DEMO
2026-05-30,Kaushambi Mandi,Tomato,1927.78,16.01,32,SYNTHETIC_DEMO
2026-05-31,Kaushambi Mandi,Tomato,1969.28,19.89,32,SYNTHETIC_DEMO
2026-06-01,Kaushambi Mandi,Tomato,1936.37,16.26,32,SYNTHETIC_DEMO
2026-06-02,Kaushambi Mandi,Tomato,1950.51,24.75,32,SYNTHETIC_DEMO
2026-06-03,Kaushambi Mandi,Tomato,1945.45,18.18,32,SYNTHETIC_DEMO
2026-06-04,Kaushambi Mandi,Tomato,1950.16,21.57,32,SYNTHETIC_DEMO
2026-06-05,Kaushambi Mandi,Tomato,1949.23,26.82,32,SYNTHETIC_DEMO
2026-06-06,Kaushambi Mandi,Tomato,1935.11,34.76,32,SYNTHETIC_DEMO
2026-06-07,Kaushambi Mandi,Tomato,1890.62,45.01,32,SYNTHETIC_DEMO
2026-06-08,Kaushambi Mandi,Tomato,1863.1,35.05,32,SYNTHETIC_DEMO
2026-06-09,Kaushambi Mandi,Tomato,1909.06,40.62,32,SYNTHETIC_DEMO
2026-06-10,Kaushambi Mandi,Tomato,1883.21,38.29,32,SYNTHETIC_DEMO
2026-06-11,Kaushambi Mandi,Tomato,1881.74,30.13,32,SYNTHETIC_DEMO
2026-06-12,Kaushambi Mandi,Tomato,1922.84,36.77,32,SYNTHETIC_DEMO
2026-06-13,Kaushambi Mandi,Tomato,1901.48,25.33,32,SYNTHETIC_DEMO
2026-06-14,Kaushambi Mandi,Tomato,1932.13,26.14,32,SYNTHETIC_DEMO
2026-06-15,Kaushambi Mandi,Tomato,1916.16,14.37,32,SYNTHETIC_DEMO
2026-06-16,Kaushambi Mandi,Tomato,1961.97,20.78,32,SYNTHETIC_DEMO
2026-06-17,Kaushambi Mandi,Tomato,1936.21,24.55,32,SYNTHETIC_DEMO
2026-06-18,Kaushambi Mandi,Tomato,1951.03,23.4,32,SYNTHETIC_DEMO
2026-06-19,Kaushambi Mandi,Tomato,1943.35,28.84,32,SYNTHETIC_DEMO
2026-06-20,Kaushambi Mandi,Tomato,1923.07,29.55,32,SYNTHETIC_DEMO
2026-06-21,Kaushambi Mandi,Tomato,1913.52,40.08,32,SYNTHETIC_DEMO
2026-06-22,Kaushambi Mandi,Tomato,1875.23,40.03,32,SYNTHETIC_DEMO
2026-06-23,Kaushambi Mandi,Tomato,1892.69,38.36,32,SYNTHETIC_DEMO
2026-06-24,Kaushambi Mandi,Tomato,1904.22,32.27,32,SYNTHETIC_DEMO
2026-06-25,Kaushambi Mandi,Tomato,1911.43,30.41,32,SYNTHETIC_DEMO
2026-06-26,Kaushambi Mandi,Tomato,1937.38,29.93,32,SYNTHETIC_DEMO
2026-06-27,Kaushambi Mandi,Tomato,1928.86,27.61,32,SYNTHETIC_DEMO
2026-06-28,Kaushambi Mandi,Tomato,1927.31,20.21,32,SYNTHETIC_DEMO
2026-06-29,Kaushambi Mandi,Tomato,1945.38,16.16,32,SYNTHETIC_DEMO
2026-06-30,Kaushambi Mandi,Tomato,1965.24,23.34,32,SYNTHETIC_DEMO
2026-07-01,Kaushambi Mandi,Tomato,1946.98,26.53,32,SYNTHETIC_DEMO
2026-07-02,Kaushambi Mandi,Tomato,1950.87,22.1,32,SYNTHETIC_DEMO
2026-07-03,Kaushambi Mandi,Tomato,1941.94,23.47,32,SYNTHETIC_DEMO
2026-07-04,Kaushambi Mandi,Tomato,1948.54,34.83,32,SYNTHETIC_DEMO
2026-07-05,Kaushambi Mandi,Tomato,1908.18,24.2,32,SYNTHETIC_DEMO
2026-07-06,Kaushambi Mandi,Tomato,1952.04,33.52,32,SYNTHETIC_DEMO
2026-07-07,Kaushambi Mandi,Tomato,1908.81,33.08,32,SYNTHETIC_DEMO
2026-07-08,Kaushambi Mandi,Tomato,1909.61,31.63,32,SYNTHETIC_DEMO
2026-07-09,Kaushambi Mandi,Tomato,1912.09,30.31,32,SYNTHETIC_DEMO
2026-07-10,Kaushambi Mandi,Tomato,1912.34,25.81,32,SYNTHETIC_DEMO
2026-07-11,Kaushambi Mandi,Tomato,1921.44,20.38,32,SYNTHETIC_DEMO
2026-07-12,Kaushambi Mandi,Tomato,1940.09,21.05,32,SYNTHETIC_DEMO
2026-07-13,Kaushambi Mandi,Tomato,1945.62,15.96,32,SYNTHETIC_DEMO
2026-07-14,Kaushambi Mandi,Tomato,1956.17,19.81,32,SYNTHETIC_DEMO
2026-07-15,Kaushambi Mandi,Tomato,1963.08,18.87,32,SYNTHETIC_DEMO
2026-07-16,Kaushambi Mandi,Tomato,1959.08,23.85,32,SYNTHETIC_DEMO
2026-07-17,Kaushambi Mandi,Tomato,1934.08,15.72,32,SYNTHETIC_DEMO
2026-07-18,Kaushambi Mandi,Tomato,1956.51,20.94,32,SYNTHETIC_DEMO
2026-07-19,Kaushambi Mandi,Tomato,1936.09,34.36,32,SYNTHETIC_DEMO
2026-07-20,Kaushambi Mandi,Tomato,1893.48,37.21,32,SYNTHETIC_DEMO
2026-07-21,Kaushambi Mandi,Tomato,1884.57,38.3,32,SYNTHETIC_DEMO
2026-07-22,Kaushambi Mandi,Tomato,1900.91,34.23,32,SYNTHETIC_DEMO
2026-07-23,Kaushambi Mandi,Tomato,1912.06,35.25,32,SYNTHETIC_DEMO
2026-07-24,Kaushambi Mandi,Tomato,1906.62,37.69,32,SYNTHETIC_DEMO
2026-07-25,Kaushambi Mandi,Tomato,1879.25,24.57,32,SYNTHETIC_DEMO
2026-07-26,Kaushambi Mandi,Tomato,1934.59,30.21,32,SYNTHETIC_DEMO
2026-07-27,Kaushambi Mandi,Tomato,1931.3,16.16,32,SYNTHETIC_DEMO
2026-07-28,Kaushambi Mandi,Tomato,1968.37,24.94,32,SYNTHETIC_DEMO
2026-07-29,Kaushambi Mandi,Tomato,1949.24,14.99,32,SYNTHETIC_DEMO
2026-07-30,Kaushambi Mandi,Tomato,1969.97,20.4,32,SYNTHETIC_DEMO
2026-07-31,Kaushambi Mandi,Tomato,1945.74,30.24,32,SYNTHETIC_DEMO
2026-08-01,Kaushambi Mandi,Tomato,1932.34,31.9,32,SYNTHETIC_DEMO
2026-08-02,Kaushambi Mandi,Tomato,1923.32,41.07,32,SYNTHETIC_DEMO
2026-08-03,Kaushambi Mandi,Tomato,1886.76,26.9,32,SYNTHETIC_DEMO
2026-08-04,Kaushambi Mandi,Tomato,1940.78,36.26,32,SYNTHETIC_DEMO
2026-08-05,Kaushambi Mandi,Tomato,1898.7,39.2,32,SYNTHETIC_DEMO
2026-08-06,Kaushambi Mandi,Tomato,1913.11,31.79,32,SYNTHETIC_DEMO
2026-08-07,Kaushambi Mandi,Tomato,1939.75,36.11,32,SYNTHETIC_DEMO
2026-08-08,Kaushambi Mandi,Tomato,1916.39,24.81,32,SYNTHETIC_DEMO
2026-08-09,Kaushambi Mandi,Tomato,1946.81,29.98,32,SYNTHETIC_DEMO
2026-08-10,Kaushambi Mandi,Tomato,1927.22,23.76,32,SYNTHETIC_DEMO
2026-08-11,Kaushambi Mandi,Tomato,1930.71,16.84,32,SYNTHETIC_DEMO
2026-08-12,Kaushambi Mandi,Tomato,1962.69,24.66,32,SYNTHETIC_DEMO
2026-08-13,Kaushambi Mandi,Tomato,1938.68,22.78,32,SYNTHETIC_DEMO
2026-08-14,Kaushambi Mandi,Tomato,1948.38,24.5,32,SYNTHETIC_DEMO
2026-08-15,Kaushambi Mandi,Tomato,1937.87,25.54,32,SYNTHETIC_DEMO
2026-08-16,Kaushambi Mandi,Tomato,1930.27,33.85,32,SYNTHETIC_DEMO
2026-08-17,Kaushambi Mandi,Tomato,1911.61,32.16,32,SYNTHETIC_DEMO
2026-08-18,Kaushambi Mandi,Tomato,1909.46,43.49,32,SYNTHETIC_DEMO
2026-08-19,Kaushambi Mandi,Tomato,1891.05,40.21,32,SYNTHETIC_DEMO
2026-08-20,Kaushambi Mandi,Tomato,1891.22,22.5,32,SYNTHETIC_DEMO
2026-08-21,Kaushambi Mandi,Tomato,1955.44,27.39,32,SYNTHETIC_DEMO
2026-08-22,Kaushambi Mandi,Tomato,1935.83,27.13,32,SYNTHETIC_DEMO
2026-08-23,Kaushambi Mandi,Tomato,1924.29,25.68,32,SYNTHETIC_DEMO
2026-08-24,Kaushambi Mandi,Tomato,1927.19,17.88,32,SYNTHETIC_DEMO
2026-08-25,Kaushambi Mandi,Tomato,1963.02,19.32,32,SYNTHETIC_DEMO
2026-08-26,Kaushambi Mandi,Tomato,1959.23,21.41,32,SYNTHETIC_DEMO
2026-08-27,Kaushambi Mandi,Tomato,1968.4,26.52,32,SYNTHETIC_DEMO
2026-08-28,Kaushambi Mandi,Tomato,1951.11,32.25,32,SYNTHETIC_DEMO
2026-08-29,Kaushambi Mandi,Tomato,1930.74,30.37,32,SYNTHETIC_DEMO
2026-08-30,Kaushambi Mandi,Tomato,1923.88,35.3,32,SYNTHETIC_DEMO
2026-08-31,Kaushambi Mandi,Tomato,1927.0,40.3,32,SYNTHETIC_DEMO
2026-09-01,Kaushambi Mandi,Tomato,1902.43,43.91,32,SYNTHETIC_DEMO
2026-09-02,Kaushambi Mandi,Tomato,1898.26,36.57,32,SYNTHETIC_DEMO
2026-09-03,Kaushambi Mandi,Tomato,1923.46,33.1,32,SYNTHETIC_DEMO
2026-09-04,Kaushambi Mandi,Tomato,1925.84,29.45,32,SYNTHETIC_DEMO
2026-09-05,Kaushambi Mandi,Tomato,1935.06,33.41,32,SYNTHETIC_DEMO
2026-09-06,Kaushambi Mandi,Tomato,1924.5,23.4,32,SYNTHETIC_DEMO
2026-09-07,Kaushambi Mandi,Tomato,1948.87,21.46,32,SYNTHETIC_DEMO
2026-09-08,Kaushambi Mandi,Tomato,1945.21,19.75,32,SYNTHETIC_DEMO
2026-09-09,Kaushambi Mandi,Tomato,1953.81,20.6,32,SYNTHETIC_DEMO
2026-09-10,Kaushambi Mandi,Tomato,1951.89,23.73,32,SYNTHETIC_DEMO
2026-09-11,Kaushambi Mandi,Tomato,1954.66,29.73,32,SYNTHETIC_DEMO
2026-09-12,Kaushambi Mandi,Tomato,1925.79,30.75,32,SYNTHETIC_DEMO
2026-09-13,Kaushambi Mandi,Tomato,1904.93,34.53,32,SYNTHETIC_DEMO
2026-09-14,Kaushambi Mandi,Tomato,1906.54,30.75,32,SYNTHETIC_DEMO
2026-09-15,Kaushambi Mandi,Tomato,1921.11,37.38,32,SYNTHETIC_DEMO
2026-09-16,Kaushambi Mandi,Tomato,1906.75,31.26,32,SYNTHETIC_DEMO
2026-09-17,Kaushambi Mandi,Tomato,1918.36,31.29,32,SYNTHETIC_DEMO
2026-09-18,Kaushambi Mandi,Tomato,1923.82,31.25,32,SYNTHETIC_DEMO
2026-09-19,Kaushambi Mandi,Tomato,1927.54,31.16,32,SYNTHETIC_DEMO
2026-09-20,Kaushambi Mandi,Tomato,1922.95,26.07,32,SYNTHETIC_DEMO
2026-09-21,Kaushambi Mandi,Tomato,1929.6,17.48,32,SYNTHETIC_DEMO
2026-09-22,Kaushambi Mandi,Tomato,1988.06,14.12,32,SYNTHETIC_DEMO
2026-09-23,Kaushambi Mandi,Tomato,1980.1,16.41,32,SYNTHETIC_DEMO
2026-09-24,Kaushambi Mandi,Tomato,1975.92,21.45,32,SYNTHETIC_DEMO
2026-09-25,Kaushambi Mandi,Tomato,1948.7,23.73,32,SYNTHETIC_DEMO
2026-09-26,Kaushambi Mandi,Tomato,1942.86,25.63,32,SYNTHETIC_DEMO
2026-09-27,Kaushambi Mandi,Tomato,1940.26,32.36,32,SYNTHETIC_DEMO
2026-04-01,Varanasi Mandi,Tomato,2051.28,26.38,75,SYNTHETIC_DEMO
2026-04-02,Varanasi Mandi,Tomato,2081.31,23.25,75,SYNTHETIC_DEMO
2026-04-03,Varanasi Mandi,Tomato,2097.06,20.97,75,SYNTHETIC_DEMO
2026-04-04,Varanasi Mandi,Tomato,2119.89,15.23,75,SYNTHETIC_DEMO
2026-04-05,Varanasi Mandi,Tomato,2146.28,18.41,75,SYNTHETIC_DEMO
2026-04-06,Varanasi Mandi,Tomato,2144.3,22.42,75,SYNTHETIC_DEMO
2026-04-07,Varanasi Mandi,Tomato,2144.73,24.42,75,SYNTHETIC_DEMO
2026-04-08,Varanasi Mandi,Tomato,2165.43,32.26,75,SYNTHETIC_DEMO
2026-04-09,Varanasi Mandi,Tomato,2127.92,32.35,75,SYNTHETIC_DEMO
2026-04-10,Varanasi Mandi,Tomato,2135.89,29.09,75,SYNTHETIC_DEMO
2026-04-11,Varanasi Mandi,Tomato,2156.54,34.49,75,SYNTHETIC_DEMO
2026-04-12,Varanasi Mandi,Tomato,2146.47,32.39,75,SYNTHETIC_DEMO
2026-04-13,Varanasi Mandi,Tomato,2118.88,34.91,75,SYNTHETIC_DEMO
2026-04-14,Varanasi Mandi,Tomato,2105.41,30.55,75,SYNTHETIC_DEMO
2026-04-15,Varanasi Mandi,Tomato,2137.91,26.12,75,SYNTHETIC_DEMO
2026-04-16,Varanasi Mandi,Tomato,2147.0,23.14,75,SYNTHETIC_DEMO
2026-04-17,Varanasi Mandi,Tomato,2141.48,20.94,75,SYNTHETIC_DEMO
2026-04-18,Varanasi Mandi,Tomato,2152.37,26.54,75,SYNTHETIC_DEMO
2026-04-19,Varanasi Mandi,Tomato,2121.36,15.46,75,SYNTHETIC_DEMO
2026-04-20,Varanasi Mandi,Tomato,2120.4,14.62,75,SYNTHETIC_DEMO
2026-04-21,Varanasi Mandi,Tomato,2097.2,29.65,75,SYNTHETIC_DEMO
2026-04-22,Varanasi Mandi,Tomato,2051.03,29.17,75,SYNTHETIC_DEMO
2026-04-23,Varanasi Mandi,Tomato,2049.25,29.84,75,SYNTHETIC_DEMO
2026-04-24,Varanasi Mandi,Tomato,2022.72,40.28,75,SYNTHETIC_DEMO
2026-04-25,Varanasi Mandi,Tomato,1987.28,35.19,75,SYNTHETIC_DEMO
2026-04-26,Varanasi Mandi,Tomato,1970.02,34.97,75,SYNTHETIC_DEMO
2026-04-27,Varanasi Mandi,Tomato,1966.99,34.66,75,SYNTHETIC_DEMO
2026-04-28,Varanasi Mandi,Tomato,1947.31,35.99,75,SYNTHETIC_DEMO
2026-04-29,Varanasi Mandi,Tomato,1948.08,27.33,75,SYNTHETIC_DEMO
2026-04-30,Varanasi Mandi,Tomato,1958.94,24.91,75,SYNTHETIC_DEMO
2026-05-01,Varanasi Mandi,Tomato,1949.37,22.44,75,SYNTHETIC_DEMO
2026-05-02,Varanasi Mandi,Tomato,1957.56,17.33,75,SYNTHETIC_DEMO
2026-05-03,Varanasi Mandi,Tomato,1972.75,15.65,75,SYNTHETIC_DEMO
2026-05-04,Varanasi Mandi,Tomato,1949.75,21.97,75,SYNTHETIC_DEMO
2026-05-05,Varanasi Mandi,Tomato,1948.31,24.68,75,SYNTHETIC_DEMO
2026-05-06,Varanasi Mandi,Tomato,1955.11,29.92,75,SYNTHETIC_DEMO
2026-05-07,Varanasi Mandi,Tomato,1923.81,28.95,75,SYNTHETIC_DEMO
2026-05-08,Varanasi Mandi,Tomato,1926.71,31.06,75,SYNTHETIC_DEMO
2026-05-09,Varanasi Mandi,Tomato,1937.11,32.48,75,SYNTHETIC_DEMO
2026-05-10,Varanasi Mandi,Tomato,1931.58,36.03,75,SYNTHETIC_DEMO
2026-05-11,Varanasi Mandi,Tomato,1941.71,31.94,75,SYNTHETIC_DEMO
2026-05-12,Varanasi Mandi,Tomato,1955.63,30.45,75,SYNTHETIC_DEMO
2026-05-13,Varanasi Mandi,Tomato,1985.84,28.52,75,SYNTHETIC_DEMO
2026-05-14,Varanasi Mandi,Tomato,2019.17,21.3,75,SYNTHETIC_DEMO
2026-05-15,Varanasi Mandi,Tomato,2046.21,25.9,75,SYNTHETIC_DEMO
2026-05-16,Varanasi Mandi,Tomato,2050.24,21.05,75,SYNTHETIC_DEMO
2026-05-17,Varanasi Mandi,Tomato,2083.05,19.9,75,SYNTHETIC_DEMO
2026-05-18,Varanasi Mandi,Tomato,2095.65,27.73,75,SYNTHETIC_DEMO
2026-05-19,Varanasi Mandi,Tomato,2100.37,25.31,75,SYNTHETIC_DEMO
2026-05-20,Varanasi Mandi,Tomato,2105.75,25.52,75,SYNTHETIC_DEMO
2026-05-21,Varanasi Mandi,Tomato,2115.91,34.04,75,SYNTHETIC_DEMO
2026-05-22,Varanasi Mandi,Tomato,2126.7,40.64,75,SYNTHETIC_DEMO
2026-05-23,Varanasi Mandi,Tomato,2105.94,36.22,75,SYNTHETIC_DEMO
2026-05-24,Varanasi Mandi,Tomato,2115.95,42.98,75,SYNTHETIC_DEMO
2026-05-25,Varanasi Mandi,Tomato,2107.74,30.26,75,SYNTHETIC_DEMO
2026-05-26,Varanasi Mandi,Tomato,2150.4,31.41,75,SYNTHETIC_DEMO
2026-05-27,Varanasi Mandi,Tomato,2165.31,29.74,75,SYNTHETIC_DEMO
2026-05-28,Varanasi Mandi,Tomato,2186.96,22.33,75,SYNTHETIC_DEMO
2026-05-29,Varanasi Mandi,Tomato,2174.38,16.94,75,SYNTHETIC_DEMO
2026-05-30,Varanasi Mandi,Tomato,2193.26,22.03,75,SYNTHETIC_DEMO
2026-05-31,Varanasi Mandi,Tomato,2164.23,21.7,75,SYNTHETIC_DEMO
2026-06-01,Varanasi Mandi,Tomato,2156.55,16.97,75,SYNTHETIC_DEMO
2026-06-02,Varanasi Mandi,Tomato,2175.2,20.81,75,SYNTHETIC_DEMO
2026-06-03,Varanasi Mandi,Tomato,2156.48,24.95,75,SYNTHETIC_DEMO
2026-06-04,Varanasi Mandi,Tomato,2133.08,32.77,75,SYNTHETIC_DEMO
2026-06-05,Varanasi Mandi,Tomato,2088.44,37.09,75,SYNTHETIC_DEMO
2026-06-06,Varanasi Mandi,Tomato,2040.94,38.55,75,SYNTHETIC_DEMO
2026-06-07,Varanasi Mandi,Tomato,2002.79,34.93,75,SYNTHETIC_DEMO
2026-06-08,Varanasi Mandi,Tomato,2008.91,36.06,75,SYNTHETIC_DEMO
2026-06-09,Varanasi Mandi,Tomato,2004.06,34.06,75,SYNTHETIC_DEMO
2026-06-10,Varanasi Mandi,Tomato,1980.35,23.72,75,SYNTHETIC_DEMO
2026-06-11,Varanasi Mandi,Tomato,2001.3,24.18,75,SYNTHETIC_DEMO
2026-06-12,Varanasi Mandi,Tomato,1975.89,23.18,75,SYNTHETIC_DEMO
2026-06-13,Varanasi Mandi,Tomato,1956.05,20.72,75,SYNTHETIC_DEMO
2026-06-14,Varanasi Mandi,Tomato,1974.75,11.41,75,SYNTHETIC_DEMO
2026-06-15,Varanasi Mandi,Tomato,1980.72,15.88,75,SYNTHETIC_DEMO
2026-06-16,Varanasi Mandi,Tomato,1954.75,17.88,75,SYNTHETIC_DEMO
2026-06-17,Varanasi Mandi,Tomato,1957.98,25.28,75,SYNTHETIC_DEMO
2026-06-18,Varanasi Mandi,Tomato,1943.39,34.35,75,SYNTHETIC_DEMO
2026-06-19,Varanasi Mandi,Tomato,1917.23,32.44,75,SYNTHETIC_DEMO
2026-06-20,Varanasi Mandi,Tomato,1918.18,39.94,75,SYNTHETIC_DEMO
2026-06-21,Varanasi Mandi,Tomato,1904.82,34.35,75,SYNTHETIC_DEMO
2026-06-22,Varanasi Mandi,Tomato,1926.22,41.97,75,SYNTHETIC_DEMO
2026-06-23,Varanasi Mandi,Tomato,1919.32,39.54,75,SYNTHETIC_DEMO
2026-06-24,Varanasi Mandi,Tomato,1920.53,32.52,75,SYNTHETIC_DEMO
2026-06-25,Varanasi Mandi,Tomato,1966.63,21.13,75,SYNTHETIC_DEMO
2026-06-26,Varanasi Mandi,Tomato,2007.3,15.83,75,SYNTHETIC_DEMO
2026-06-27,Varanasi Mandi,Tomato,2034.28,24.0,75,SYNTHETIC_DEMO
2026-06-28,Varanasi Mandi,Tomato,2016.64,22.16,75,SYNTHETIC_DEMO
2026-06-29,Varanasi Mandi,Tomato,2064.91,19.13,75,SYNTHETIC_DEMO
2026-06-30,Varanasi Mandi,Tomato,2086.85,24.38,75,SYNTHETIC_DEMO
2026-07-01,Varanasi Mandi,Tomato,2101.98,33.69,75,SYNTHETIC_DEMO
2026-07-02,Varanasi Mandi,Tomato,2091.36,26.91,75,SYNTHETIC_DEMO
2026-07-03,Varanasi Mandi,Tomato,2110.59,31.03,75,SYNTHETIC_DEMO
2026-07-04,Varanasi Mandi,Tomato,2119.99,35.53,75,SYNTHETIC_DEMO
2026-07-05,Varanasi Mandi,Tomato,2110.33,31.46,75,SYNTHETIC_DEMO
2026-07-06,Varanasi Mandi,Tomato,2138.35,36.99,75,SYNTHETIC_DEMO
2026-07-07,Varanasi Mandi,Tomato,2136.63,31.61,75,SYNTHETIC_DEMO
2026-07-08,Varanasi Mandi,Tomato,2165.15,26.28,75,SYNTHETIC_DEMO
2026-07-09,Varanasi Mandi,Tomato,2160.52,26.99,75,SYNTHETIC_DEMO
2026-07-10,Varanasi Mandi,Tomato,2175.63,24.14,75,SYNTHETIC_DEMO
2026-07-11,Varanasi Mandi,Tomato,2171.56,19.11,75,SYNTHETIC_DEMO
2026-07-12,Varanasi Mandi,Tomato,2175.53,19.07,75,SYNTHETIC_DEMO
2026-07-13,Varanasi Mandi,Tomato,2176.4,27.87,75,SYNTHETIC_DEMO
2026-07-14,Varanasi Mandi,Tomato,2171.92,20.9,75,SYNTHETIC_DEMO
2026-07-15,Varanasi Mandi,Tomato,2184.47,29.21,75,SYNTHETIC_DEMO
2026-07-16,Varanasi Mandi,Tomato,2140.37,36.49,75,SYNTHETIC_DEMO
2026-07-17,Varanasi Mandi,Tomato,2117.44,29.3,75,SYNTHETIC_DEMO
2026-07-18,Varanasi Mandi,Tomato,2110.61,38.66,75,SYNTHETIC_DEMO
2026-07-19,Varanasi Mandi,Tomato,2083.19,30.91,75,SYNTHETIC_DEMO
2026-07-20,Varanasi Mandi,Tomato,2065.6,37.2,75,SYNTHETIC_DEMO
2026-07-21,Varanasi Mandi,Tomato,2034.59,35.57,75,SYNTHETIC_DEMO
2026-07-22,Varanasi Mandi,Tomato,2030.99,27.2,75,SYNTHETIC_DEMO
2026-07-23,Varanasi Mandi,Tomato,2044.54,23.03,75,SYNTHETIC_DEMO
2026-07-24,Varanasi Mandi,Tomato,2055.65,20.06,75,SYNTHETIC_DEMO
2026-07-25,Varanasi Mandi,Tomato,2044.77,21.71,75,SYNTHETIC_DEMO
2026-07-26,Varanasi Mandi,Tomato,2012.69,24.4,75,SYNTHETIC_DEMO
2026-07-27,Varanasi Mandi,Tomato,2001.82,21.42,75,SYNTHETIC_DEMO
2026-07-28,Varanasi Mandi,Tomato,2006.03,30.37,75,SYNTHETIC_DEMO
2026-07-29,Varanasi Mandi,Tomato,1973.31,32.4,75,SYNTHETIC_DEMO
2026-07-30,Varanasi Mandi,Tomato,1929.61,34.65,75,SYNTHETIC_DEMO
2026-07-31,Varanasi Mandi,Tomato,1934.14,37.01,75,SYNTHETIC_DEMO
2026-08-01,Varanasi Mandi,Tomato,1910.07,35.69,75,SYNTHETIC_DEMO
2026-08-02,Varanasi Mandi,Tomato,1918.22,34.27,75,SYNTHETIC_DEMO
2026-08-03,Varanasi Mandi,Tomato,1902.1,38.26,75,SYNTHETIC_DEMO
2026-08-04,Varanasi Mandi,Tomato,1904.5,33.33,75,SYNTHETIC_DEMO
2026-08-05,Varanasi Mandi,Tomato,1935.98,25.33,75,SYNTHETIC_DEMO
2026-08-06,Varanasi Mandi,Tomato,1955.09,24.27,75,SYNTHETIC_DEMO
2026-08-07,Varanasi Mandi,Tomato,1973.06,19.44,75,SYNTHETIC_DEMO
2026-08-08,Varanasi Mandi,Tomato,1978.52,20.49,75,SYNTHETIC_DEMO
2026-08-09,Varanasi Mandi,Tomato,1993.58,16.66,75,SYNTHETIC_DEMO
2026-08-10,Varanasi Mandi,Tomato,2009.54,22.72,75,SYNTHETIC_DEMO
2026-08-11,Varanasi Mandi,Tomato,2011.34,25.5,75,SYNTHETIC_DEMO
2026-08-12,Varanasi Mandi,Tomato,2020.5,37.78,75,SYNTHETIC_DEMO
2026-08-13,Varanasi Mandi,Tomato,2012.52,27.26,75,SYNTHETIC_DEMO
2026-08-14,Varanasi Mandi,Tomato,2064.92,29.88,75,SYNTHETIC_DEMO
2026-08-15,Varanasi Mandi,Tomato,2057.26,42.68,75,SYNTHETIC_DEMO
2026-08-16,Varanasi Mandi,Tomato,2031.85,36.66,75,SYNTHETIC_DEMO
2026-08-17,Varanasi Mandi,Tomato,2087.62,34.9,75,SYNTHETIC_DEMO
2026-08-18,Varanasi Mandi,Tomato,2087.52,36.03,75,SYNTHETIC_DEMO
2026-08-19,Varanasi Mandi,Tomato,2123.89,35.31,75,SYNTHETIC_DEMO
2026-08-20,Varanasi Mandi,Tomato,2120.98,27.53,75,SYNTHETIC_DEMO
2026-08-21,Varanasi Mandi,Tomato,2151.98,22.77,75,SYNTHETIC_DEMO
2026-08-22,Varanasi Mandi,Tomato,2177.04,22.4,75,SYNTHETIC_DEMO
2026-08-23,Varanasi Mandi,Tomato,2196.31,11.09,75,SYNTHETIC_DEMO
2026-08-24,Varanasi Mandi,Tomato,2237.98,21.87,75,SYNTHETIC_DEMO
2026-08-25,Varanasi Mandi,Tomato,2202.67,23.0,75,SYNTHETIC_DEMO
2026-08-26,Varanasi Mandi,Tomato,2205.26,31.33,75,SYNTHETIC_DEMO
2026-08-27,Varanasi Mandi,Tomato,2208.68,31.57,75,SYNTHETIC_DEMO
2026-08-28,Varanasi Mandi,Tomato,2168.93,32.81,75,SYNTHETIC_DEMO
2026-08-29,Varanasi Mandi,Tomato,2144.06,42.41,75,SYNTHETIC_DEMO
2026-08-30,Varanasi Mandi,Tomato,2096.98,31.81,75,SYNTHETIC_DEMO
2026-08-31,Varanasi Mandi,Tomato,2139.92,37.03,75,SYNTHETIC_DEMO
2026-09-01,Varanasi Mandi,Tomato,2093.8,35.42,75,SYNTHETIC_DEMO
2026-09-02,Varanasi Mandi,Tomato,2114.15,33.15,75,SYNTHETIC_DEMO
2026-09-03,Varanasi Mandi,Tomato,2093.55,25.19,75,SYNTHETIC_DEMO
2026-09-04,Varanasi Mandi,Tomato,2101.52,25.21,75,SYNTHETIC_DEMO
2026-09-05,Varanasi Mandi,Tomato,2064.75,23.1,75,SYNTHETIC_DEMO
2026-09-06,Varanasi Mandi,Tomato,2049.56,19.33,75,SYNTHETIC_DEMO
2026-09-07,Varanasi Mandi,Tomato,2062.46,23.63,75,SYNTHETIC_DEMO
2026-09-08,Varanasi Mandi,Tomato,2033.59,23.15,75,SYNTHETIC_DEMO
2026-09-09,Varanasi Mandi,Tomato,2028.29,20.64,75,SYNTHETIC_DEMO
2026-09-10,Varanasi Mandi,Tomato,2014.14,28.55,75,SYNTHETIC_DEMO
2026-09-11,Varanasi Mandi,Tomato,1965.33,37.95,75,SYNTHETIC_DEMO
2026-09-12,Varanasi Mandi,Tomato,1930.96,40.26,75,SYNTHETIC_DEMO
2026-09-13,Varanasi Mandi,Tomato,1916.71,36.09,75,SYNTHETIC_DEMO
2026-09-14,Varanasi Mandi,Tomato,1923.33,29.91,75,SYNTHETIC_DEMO
2026-09-15,Varanasi Mandi,Tomato,1945.27,32.7,75,SYNTHETIC_DEMO
2026-09-16,Varanasi Mandi,Tomato,1923.44,28.26,75,SYNTHETIC_DEMO
2026-09-17,Varanasi Mandi,Tomato,1941.06,27.06,75,SYNTHETIC_DEMO
2026-09-18,Varanasi Mandi,Tomato,1943.57,17.82,75,SYNTHETIC_DEMO
2026-09-19,Varanasi Mandi,Tomato,1973.64,25.6,75,SYNTHETIC_DEMO
2026-09-20,Varanasi Mandi,Tomato,1963.87,16.55,75,SYNTHETIC_DEMO
2026-09-21,Varanasi Mandi,Tomato,1971.77,13.69,75,SYNTHETIC_DEMO
2026-09-22,Varanasi Mandi,Tomato,2019.61,23.53,75,SYNTHETIC_DEMO
2026-09-23,Varanasi Mandi,Tomato,1995.58,27.75,75,SYNTHETIC_DEMO
2026-09-24,Varanasi Mandi,Tomato,1993.12,29.82,75,SYNTHETIC_DEMO
2026-09-25,Varanasi Mandi,Tomato,1997.93,34.37,75,SYNTHETIC_DEMO
2026-09-26,Varanasi Mandi,Tomato,2016.59,34.87,75,SYNTHETIC_DEMO
2026-09-27,Varanasi Mandi,Tomato,2021.37,28.95,75,SYNTHETIC_DEMO
2026-04-01,Mirzapur Mandi,Tomato,1932.36,25.1,55,SYNTHETIC_DEMO
2026-04-02,Mirzapur Mandi,Tomato,1930.03,14.26,55,SYNTHETIC_DEMO
2026-04-03,Mirzapur Mandi,Tomato,1944.34,15.19,55,SYNTHETIC_DEMO
2026-04-04,Mirzapur Mandi,Tomato,1954.13,27.94,55,SYNTHETIC_DEMO
2026-04-05,Mirzapur Mandi,Tomato,1909.72,21.03,55,SYNTHETIC_DEMO
2026-04-06,Mirzapur Mandi,Tomato,1931.1,30.25,55,SYNTHETIC_DEMO
2026-04-07,Mirzapur Mandi,Tomato,1909.89,40.18,55,SYNTHETIC_DEMO
2026-04-08,Mirzapur Mandi,Tomato,1874.34,22.08,55,SYNTHETIC_DEMO
2026-04-09,Mirzapur Mandi,Tomato,1928.16,32.78,55,SYNTHETIC_DEMO
2026-04-10,Mirzapur Mandi,Tomato,1888.23,35.92,55,SYNTHETIC_DEMO
2026-04-11,Mirzapur Mandi,Tomato,1891.57,30.11,55,SYNTHETIC_DEMO
2026-04-12,Mirzapur Mandi,Tomato,1889.87,34.14,55,SYNTHETIC_DEMO
2026-04-13,Mirzapur Mandi,Tomato,1890.96,31.03,55,SYNTHETIC_DEMO
2026-04-14,Mirzapur Mandi,Tomato,1889.47,29.88,55,SYNTHETIC_DEMO
2026-04-15,Mirzapur Mandi,Tomato,1899.84,25.07,55,SYNTHETIC_DEMO
2026-04-16,Mirzapur Mandi,Tomato,1917.99,24.9,55,SYNTHETIC_DEMO
2026-04-17,Mirzapur Mandi,Tomato,1917.92,11.05,55,SYNTHETIC_DEMO
2026-04-18,Mirzapur Mandi,Tomato,1954.51,14.42,55,SYNTHETIC_DEMO
2026-04-19,Mirzapur Mandi,Tomato,1942.48,24.02,55,SYNTHETIC_DEMO
2026-04-20,Mirzapur Mandi,Tomato,1910.76,21.74,55,SYNTHETIC_DEMO
2026-04-21,Mirzapur Mandi,Tomato,1930.09,27.81,55,SYNTHETIC_DEMO
2026-04-22,Mirzapur Mandi,Tomato,1924.15,39.21,55,SYNTHETIC_DEMO
2026-04-23,Mirzapur Mandi,Tomato,1895.7,33.83,55,SYNTHETIC_DEMO
2026-04-24,Mirzapur Mandi,Tomato,1904.78,30.39,55,SYNTHETIC_DEMO
2026-04-25,Mirzapur Mandi,Tomato,1908.61,33.74,55,SYNTHETIC_DEMO
2026-04-26,Mirzapur Mandi,Tomato,1890.25,34.3,55,SYNTHETIC_DEMO
2026-04-27,Mirzapur Mandi,Tomato,1896.93,31.52,55,SYNTHETIC_DEMO
2026-04-28,Mirzapur Mandi,Tomato,1907.1,34.46,55,SYNTHETIC_DEMO
2026-04-29,Mirzapur Mandi,Tomato,1909.45,27.02,55,SYNTHETIC_DEMO
2026-04-30,Mirzapur Mandi,Tomato,1937.53,15.58,55,SYNTHETIC_DEMO
2026-05-01,Mirzapur Mandi,Tomato,1937.85,15.9,55,SYNTHETIC_DEMO
2026-05-02,Mirzapur Mandi,Tomato,1960.76,24.97,55,SYNTHETIC_DEMO
2026-05-03,Mirzapur Mandi,Tomato,1920.18,24.46,55,SYNTHETIC_DEMO
2026-05-04,Mirzapur Mandi,Tomato,1931.14,34.02,55,SYNTHETIC_DEMO
2026-05-05,Mirzapur Mandi,Tomato,1905.56,28.56,55,SYNTHETIC_DEMO
2026-05-06,Mirzapur Mandi,Tomato,1912.83,29.08,55,SYNTHETIC_DEMO
2026-05-07,Mirzapur Mandi,Tomato,1896.0,31.52,55,SYNTHETIC_DEMO
2026-05-08,Mirzapur Mandi,Tomato,1913.54,31.15,55,SYNTHETIC_DEMO
2026-05-09,Mirzapur Mandi,Tomato,1894.94,30.05,55,SYNTHETIC_DEMO
2026-05-10,Mirzapur Mandi,Tomato,1908.07,27.11,55,SYNTHETIC_DEMO
2026-05-11,Mirzapur Mandi,Tomato,1915.04,28.32,55,SYNTHETIC_DEMO
2026-05-12,Mirzapur Mandi,Tomato,1900.71,24.39,55,SYNTHETIC_DEMO
2026-05-13,Mirzapur Mandi,Tomato,1932.21,18.05,55,SYNTHETIC_DEMO
2026-05-14,Mirzapur Mandi,Tomato,1950.41,20.05,55,SYNTHETIC_DEMO
2026-05-15,Mirzapur Mandi,Tomato,1944.29,7.49,55,SYNTHETIC_DEMO
2026-05-16,Mirzapur Mandi,Tomato,1987.78,19.58,55,SYNTHETIC_DEMO
2026-05-17,Mirzapur Mandi,Tomato,1932.58,22.21,55,SYNTHETIC_DEMO
2026-05-18,Mirzapur Mandi,Tomato,1919.87,30.33,55,SYNTHETIC_DEMO
2026-05-19,Mirzapur Mandi,Tomato,1902.41,34.68,55,SYNTHETIC_DEMO
2026-05-20,Mirzapur Mandi,Tomato,1905.62,39.21,55,SYNTHETIC_DEMO
2026-05-21,Mirzapur Mandi,Tomato,1880.09,37.71,55,SYNTHETIC_DEMO
2026-05-22,Mirzapur Mandi,Tomato,1891.34,35.02,55,SYNTHETIC_DEMO
2026-05-23,Mirzapur Mandi,Tomato,1889.69,26.31,55,SYNTHETIC_DEMO
2026-05-24,Mirzapur Mandi,Tomato,1909.49,35.5,55,SYNTHETIC_DEMO
2026-05-25,Mirzapur Mandi,Tomato,1890.38,33.43,55,SYNTHETIC_DEMO
2026-05-26,Mirzapur Mandi,Tomato,1896.93,26.11,55,SYNTHETIC_DEMO
2026-05-27,Mirzapur Mandi,Tomato,1936.12,23.88,55,SYNTHETIC_DEMO
2026-05-28,Mirzapur Mandi,Tomato,1950.56,24.82,55,SYNTHETIC_DEMO
2026-05-29,Mirzapur Mandi,Tomato,1935.01,25.15,55,SYNTHETIC_DEMO
2026-05-30,Mirzapur Mandi,Tomato,1939.77,16.65,55,SYNTHETIC_DEMO
2026-05-31,Mirzapur Mandi,Tomato,1948.64,19.03,55,SYNTHETIC_DEMO
2026-06-01,Mirzapur Mandi,Tomato,1950.5,30.63,55,SYNTHETIC_DEMO
2026-06-02,Mirzapur Mandi,Tomato,1915.11,37.56,55,SYNTHETIC_DEMO
2026-06-03,Mirzapur Mandi,Tomato,1894.07,27.29,55,SYNTHETIC_DEMO
2026-06-04,Mirzapur Mandi,Tomato,1923.01,36.42,55,SYNTHETIC_DEMO
2026-06-05,Mirzapur Mandi,Tomato,1892.26,41.51,55,SYNTHETIC_DEMO
2026-06-06,Mirzapur Mandi,Tomato,1878.32,28.7,55,SYNTHETIC_DEMO
2026-06-07,Mirzapur Mandi,Tomato,1924.82,27.16,55,SYNTHETIC_DEMO
2026-06-08,Mirzapur Mandi,Tomato,1904.11,29.39,55,SYNTHETIC_DEMO
2026-06-09,Mirzapur Mandi,Tomato,1932.56,29.13,55,SYNTHETIC_DEMO
2026-06-10,Mirzapur Mandi,Tomato,1923.1,13.93,55,SYNTHETIC_DEMO
2026-06-11,Mirzapur Mandi,Tomato,1961.78,22.21,55,SYNTHETIC_DEMO
2026-06-12,Mirzapur Mandi,Tomato,1936.18,21.51,55,SYNTHETIC_DEMO
2026-06-13,Mirzapur Mandi,Tomato,1942.38,18.78,55,SYNTHETIC_DEMO
2026-06-14,Mirzapur Mandi,Tomato,1954.07,18.85,55,SYNTHETIC_DEMO
2026-06-15,Mirzapur Mandi,Tomato,1929.59,33.8,55,SYNTHETIC_DEMO
2026-06-16,Mirzapur Mandi,Tomato,1911.47,31.16,55,SYNTHETIC_DEMO
2026-06-17,Mirzapur Mandi,Tomato,1909.71,32.09,55,SYNTHETIC_DEMO
2026-06-18,Mirzapur Mandi,Tomato,1918.98,34.11,55,SYNTHETIC_DEMO
2026-06-19,Mirzapur Mandi,Tomato,1900.87,33.43,55,SYNTHETIC_DEMO
2026-06-20,Mirzapur Mandi,Tomato,1898.76,36.61,55,SYNTHETIC_DEMO
2026-06-21,Mirzapur Mandi,Tomato,1879.44,28.29,55,SYNTHETIC_DEMO
2026-06-22,Mirzapur Mandi,Tomato,1908.99,22.24,55,SYNTHETIC_DEMO
2026-06-23,Mirzapur Mandi,Tomato,1936.03,17.93,55,SYNTHETIC_DEMO
2026-06-24,Mirzapur Mandi,Tomato,1959.51,23.15,55,SYNTHETIC_DEMO
2026-06-25,Mirzapur Mandi,Tomato,1935.32,16.97,55,SYNTHETIC_DEMO
2026-06-26,Mirzapur Mandi,Tomato,1948.18,16.16,55,SYNTHETIC_DEMO
2026-06-27,Mirzapur Mandi,Tomato,1965.22,16.61,55,SYNTHETIC_DEMO
2026-06-28,Mirzapur Mandi,Tomato,1956.77,18.63,55,SYNTHETIC_DEMO
2026-06-29,Mirzapur Mandi,Tomato,1973.16,25.21,55,SYNTHETIC_DEMO
2026-06-30,Mirzapur Mandi,Tomato,1938.05,24.0,55,SYNTHETIC_DEMO
2026-07-01,Mirzapur Mandi,Tomato,1935.89,32.72,55,SYNTHETIC_DEMO
2026-07-02,Mirzapur Mandi,Tomato,1916.65,36.98,55,SYNTHETIC_DEMO
2026-07-03,Mirzapur Mandi,Tomato,1902.13,31.59,55,SYNTHETIC_DEMO
2026-07-04,Mirzapur Mandi,Tomato,1921.15,36.0,55,SYNTHETIC_DEMO
2026-07-05,Mirzapur Mandi,Tomato,1906.88,29.31,55,SYNTHETIC_DEMO
2026-07-06,Mirzapur Mandi,Tomato,1898.6,27.53,55,SYNTHETIC_DEMO
2026-07-07,Mirzapur Mandi,Tomato,1922.91,26.91,55,SYNTHETIC_DEMO
2026-07-08,Mirzapur Mandi,Tomato,1935.34,18.42,55,SYNTHETIC_DEMO
2026-07-09,Mirzapur Mandi,Tomato,1960.42,18.39,55,SYNTHETIC_DEMO
2026-07-10,Mirzapur Mandi,Tomato,1954.38,19.81,55,SYNTHETIC_DEMO
2026-07-11,Mirzapur Mandi,Tomato,1943.6,24.27,55,SYNTHETIC_DEMO
2026-07-12,Mirzapur Mandi,Tomato,1932.39,20.12,55,SYNTHETIC_DEMO
2026-07-13,Mirzapur Mandi,Tomato,1956.03,27.77,55,SYNTHETIC_DEMO
2026-07-14,Mirzapur Mandi,Tomato,1926.57,33.1,55,SYNTHETIC_DEMO
2026-07-15,Mirzapur Mandi,Tomato,1904.09,30.99,55,SYNTHETIC_DEMO
2026-07-16,Mirzapur Mandi,Tomato,1904.33,36.11,55,SYNTHETIC_DEMO
2026-07-17,Mirzapur Mandi,Tomato,1895.68,31.18,55,SYNTHETIC_DEMO
2026-07-18,Mirzapur Mandi,Tomato,1910.45,34.13,55,SYNTHETIC_DEMO
2026-07-19,Mirzapur Mandi,Tomato,1896.25,36.22,55,SYNTHETIC_DEMO
2026-07-20,Mirzapur Mandi,Tomato,1895.37,31.04,55,SYNTHETIC_DEMO
2026-07-21,Mirzapur Mandi,Tomato,1919.47,24.04,55,SYNTHETIC_DEMO
2026-07-22,Mirzapur Mandi,Tomato,1942.95,13.67,55,SYNTHETIC_DEMO
2026-07-23,Mirzapur Mandi,Tomato,1966.47,17.72,55,SYNTHETIC_DEMO
2026-07-24,Mirzapur Mandi,Tomato,1956.27,12.59,55,SYNTHETIC_DEMO
2026-07-25,Mirzapur Mandi,Tomato,1979.99,14.04,55,SYNTHETIC_DEMO
2026-07-26,Mirzapur Mandi,Tomato,1953.22,23.29,55,SYNTHETIC_DEMO
2026-07-27,Mirzapur Mandi,Tomato,1948.63,24.99,55,SYNTHETIC_DEMO
2026-07-28,Mirzapur Mandi,Tomato,1938.82,28.81,55,SYNTHETIC_DEMO
2026-07-29,Mirzapur Mandi,Tomato,1931.51,32.58,55,SYNTHETIC_DEMO
2026-07-30,Mirzapur Mandi,Tomato,1920.36,28.92,55,SYNTHETIC_DEMO
2026-07-31,Mirzapur Mandi,Tomato,1953.15,33.63,55,SYNTHETIC_DEMO
2026-08-01,Mirzapur Mandi,Tomato,1905.66,33.59,55,SYNTHETIC_DEMO
2026-08-02,Mirzapur Mandi,Tomato,1906.11,35.7,55,SYNTHETIC_DEMO
2026-08-03,Mirzapur Mandi,Tomato,1894.71,29.33,55,SYNTHETIC_DEMO
2026-08-04,Mirzapur Mandi,Tomato,1918.78,31.03,55,SYNTHETIC_DEMO
2026-08-05,Mirzapur Mandi,Tomato,1930.48,23.45,55,SYNTHETIC_DEMO
2026-08-06,Mirzapur Mandi,Tomato,1942.3,19.06,55,SYNTHETIC_DEMO
2026-08-07,Mirzapur Mandi,Tomato,1957.12,22.48,55,SYNTHETIC_DEMO
2026-08-08,Mirzapur Mandi,Tomato,1938.08,17.19,55,SYNTHETIC_DEMO
2026-08-09,Mirzapur Mandi,Tomato,1944.03,20.47,55,SYNTHETIC_DEMO
2026-08-10,Mirzapur Mandi,Tomato,1952.39,25.09,55,SYNTHETIC_DEMO
2026-08-11,Mirzapur Mandi,Tomato,1953.99,37.57,55,SYNTHETIC_DEMO
2026-08-12,Mirzapur Mandi,Tomato,1890.12,33.83,55,SYNTHETIC_DEMO
2026-08-13,Mirzapur Mandi,Tomato,1922.12,31.85,55,SYNTHETIC_DEMO
2026-08-14,Mirzapur Mandi,Tomato,1908.96,29.71,55,SYNTHETIC_DEMO
2026-08-15,Mirzapur Mandi,Tomato,1929.94,32.18,55,SYNTHETIC_DEMO
2026-08-16,Mirzapur Mandi,Tomato,1916.51,27.7,55,SYNTHETIC_DEMO
2026-08-17,Mirzapur Mandi,Tomato,1922.2,33.57,55,SYNTHETIC_DEMO
2026-08-18,Mirzapur Mandi,Tomato,1897.98,26.68,55,SYNTHETIC_DEMO
2026-08-19,Mirzapur Mandi,Tomato,1934.01,21.59,55,SYNTHETIC_DEMO
2026-08-20,Mirzapur Mandi,Tomato,1955.61,9.96,55,SYNTHETIC_DEMO
2026-08-21,Mirzapur Mandi,Tomato,1970.6,21.56,55,SYNTHETIC_DEMO
2026-08-22,Mirzapur Mandi,Tomato,1941.27,15.91,55,SYNTHETIC_DEMO
2026-08-23,Mirzapur Mandi,Tomato,1961.62,22.13,55,SYNTHETIC_DEMO
2026-08-24,Mirzapur Mandi,Tomato,1939.85,23.85,55,SYNTHETIC_DEMO
2026-08-25,Mirzapur Mandi,Tomato,1943.78,32.41,55,SYNTHETIC_DEMO
2026-08-26,Mirzapur Mandi,Tomato,1923.51,33.63,55,SYNTHETIC_DEMO
2026-08-27,Mirzapur Mandi,Tomato,1920.43,37.55,55,SYNTHETIC_DEMO
2026-08-28,Mirzapur Mandi,Tomato,1907.62,39.31,55,SYNTHETIC_DEMO
2026-08-29,Mirzapur Mandi,Tomato,1908.1,38.0,55,SYNTHETIC_DEMO
2026-08-30,Mirzapur Mandi,Tomato,1907.4,25.91,55,SYNTHETIC_DEMO
2026-08-31,Mirzapur Mandi,Tomato,1928.88,35.44,55,SYNTHETIC_DEMO
2026-09-01,Mirzapur Mandi,Tomato,1908.57,24.69,55,SYNTHETIC_DEMO
2026-09-02,Mirzapur Mandi,Tomato,1950.21,23.71,55,SYNTHETIC_DEMO
2026-09-03,Mirzapur Mandi,Tomato,1958.59,17.6,55,SYNTHETIC_DEMO
2026-09-04,Mirzapur Mandi,Tomato,1960.33,16.71,55,SYNTHETIC_DEMO
2026-09-05,Mirzapur Mandi,Tomato,1976.06,25.65,55,SYNTHETIC_DEMO
2026-09-06,Mirzapur Mandi,Tomato,1936.95,22.2,55,SYNTHETIC_DEMO
2026-09-07,Mirzapur Mandi,Tomato,1928.37,28.57,55,SYNTHETIC_DEMO
2026-09-08,Mirzapur Mandi,Tomato,1915.71,27.37,55,SYNTHETIC_DEMO
2026-09-09,Mirzapur Mandi,Tomato,1928.42,32.04,55,SYNTHETIC_DEMO
2026-09-10,Mirzapur Mandi,Tomato,1928.3,35.84,55,SYNTHETIC_DEMO
2026-09-11,Mirzapur Mandi,Tomato,1925.38,37.55,55,SYNTHETIC_DEMO
2026-09-12,Mirzapur Mandi,Tomato,1900.94,33.47,55,SYNTHETIC_DEMO
2026-09-13,Mirzapur Mandi,Tomato,1918.36,33.41,55,SYNTHETIC_DEMO
2026-09-14,Mirzapur Mandi,Tomato,1915.6,26.8,55,SYNTHETIC_DEMO
2026-09-15,Mirzapur Mandi,Tomato,1926.89,31.33,55,SYNTHETIC_DEMO
2026-09-16,Mirzapur Mandi,Tomato,1927.63,21.65,55,SYNTHETIC_DEMO
2026-09-17,Mirzapur Mandi,Tomato,1945.82,18.54,55,SYNTHETIC_DEMO
2026-09-18,Mirzapur Mandi,Tomato,1958.67,27.47,55,SYNTHETIC_DEMO
2026-09-19,Mirzapur Mandi,Tomato,1927.06,28.49,55,SYNTHETIC_DEMO
2026-09-20,Mirzapur Mandi,Tomato,1934.93,23.42,55,SYNTHETIC_DEMO
2026-09-21,Mirzapur Mandi,Tomato,1938.87,26.86,55,SYNTHETIC_DEMO
2026-09-22,Mirzapur Mandi,Tomato,1943.42,28.31,55,SYNTHETIC_DEMO
2026-09-23,Mirzapur Mandi,Tomato,1941.25,31.39,55,SYNTHETIC_DEMO
2026-09-24,Mirzapur Mandi,Tomato,1926.9,26.69,55,SYNTHETIC_DEMO
2026-09-25,Mirzapur Mandi,Tomato,1938.63,35.14,55,SYNTHETIC_DEMO
2026-09-26,Mirzapur Mandi,Tomato,1906.64,30.47,55,SYNTHETIC_DEMO
2026-09-27,Mirzapur Mandi,Tomato,1939.38,32.03,55,SYNTHETIC_DEMO
